{
  "aggregate": {
    "timestamp": "2020-03-26T11:49:25.634Z",
    "scenariosCreated": 3169,
    "scenariosCompleted": 2301,
    "requestsCompleted": 2301,
    "latency": {
      "min": 104.5,
      "max": 112539.4,
      "median": 158.8,
      "p95": 23123.5,
      "p99": 67975.2
    },
    "rps": {
      "count": 3169,
      "mean": 11.46
    },
    "scenarioDuration": {
      "min": 109.3,
      "max": 112543.6,
      "median": 163.3,
      "p95": 23127.7,
      "p99": 67979.4
    },
    "scenarioCounts": {
      "0": 3169
    },
    "errors": {
      "ENOTFOUND": 855,
      "ESOCKETTIMEDOUT": 13
    },
    "codes": {
      "200": 2301
    },
    "matches": 0,
    "customStats": {},
    "counters": {},
    "scenariosAvoided": 0,
    "phases": [
      {
        "duration": 60,
        "arrivalRate": 0,
        "name": "p0"
      },
      {
        "duration": 60,
        "arrivalRate": 0.25,
        "rampTo": 15,
        "name": "p1"
      },
      {
        "duration": 180,
        "arrivalRate": 15,
        "name": "p2"
      }
    ]
  },
  "intermediate": [
    {
      "timestamp": "2020-03-26T11:43:57.893Z",
      "scenariosCreated": 0,
      "scenariosCompleted": 0,
      "requestsCompleted": 0,
      "latency": {
        "min": null,
        "max": null,
        "median": null,
        "p95": null,
        "p99": null
      },
      "rps": {
        "count": 0,
        "mean": null
      },
      "scenarioDuration": {
        "min": null,
        "max": null,
        "median": null,
        "p95": null,
        "p99": null
      },
      "scenarioCounts": {},
      "errors": {},
      "codes": {},
      "matches": 0,
      "latencies": [],
      "customStats": {},
      "counters": {},
      "concurrency": 0,
      "pendingRequests": 0,
      "scenariosAvoided": 0
    },
    {
      "timestamp": "2020-03-26T11:44:07.902Z",
      "scenariosCreated": 0,
      "scenariosCompleted": 0,
      "requestsCompleted": 0,
      "latency": {
        "min": null,
        "max": null,
        "median": null,
        "p95": null,
        "p99": null
      },
      "rps": {
        "count": 0,
        "mean": null
      },
      "scenarioDuration": {
        "min": null,
        "max": null,
        "median": null,
        "p95": null,
        "p99": null
      },
      "scenarioCounts": {},
      "errors": {},
      "codes": {},
      "matches": 0,
      "latencies": [],
      "customStats": {},
      "counters": {},
      "concurrency": 0,
      "pendingRequests": 0,
      "scenariosAvoided": 0
    },
    {
      "timestamp": "2020-03-26T11:44:17.901Z",
      "scenariosCreated": 0,
      "scenariosCompleted": 0,
      "requestsCompleted": 0,
      "latency": {
        "min": null,
        "max": null,
        "median": null,
        "p95": null,
        "p99": null
      },
      "rps": {
        "count": 0,
        "mean": null
      },
      "scenarioDuration": {
        "min": null,
        "max": null,
        "median": null,
        "p95": null,
        "p99": null
      },
      "scenarioCounts": {},
      "errors": {},
      "codes": {},
      "matches": 0,
      "latencies": [],
      "customStats": {},
      "counters": {},
      "concurrency": 0,
      "pendingRequests": 0,
      "scenariosAvoided": 0
    },
    {
      "timestamp": "2020-03-26T11:44:27.902Z",
      "scenariosCreated": 0,
      "scenariosCompleted": 0,
      "requestsCompleted": 0,
      "latency": {
        "min": null,
        "max": null,
        "median": null,
        "p95": null,
        "p99": null
      },
      "rps": {
        "count": 0,
        "mean": null
      },
      "scenarioDuration": {
        "min": null,
        "max": null,
        "median": null,
        "p95": null,
        "p99": null
      },
      "scenarioCounts": {},
      "errors": {},
      "codes": {},
      "matches": 0,
      "latencies": [],
      "customStats": {},
      "counters": {},
      "concurrency": 0,
      "pendingRequests": 0,
      "scenariosAvoided": 0
    },
    {
      "timestamp": "2020-03-26T11:44:37.902Z",
      "scenariosCreated": 0,
      "scenariosCompleted": 0,
      "requestsCompleted": 0,
      "latency": {
        "min": null,
        "max": null,
        "median": null,
        "p95": null,
        "p99": null
      },
      "rps": {
        "count": 0,
        "mean": null
      },
      "scenarioDuration": {
        "min": null,
        "max": null,
        "median": null,
        "p95": null,
        "p99": null
      },
      "scenarioCounts": {},
      "errors": {},
      "codes": {},
      "matches": 0,
      "latencies": [],
      "customStats": {},
      "counters": {},
      "concurrency": 0,
      "pendingRequests": 0,
      "scenariosAvoided": 0
    },
    {
      "timestamp": "2020-03-26T11:44:47.917Z",
      "scenariosCreated": 0,
      "scenariosCompleted": 0,
      "requestsCompleted": 0,
      "latency": {
        "min": null,
        "max": null,
        "median": null,
        "p95": null,
        "p99": null
      },
      "rps": {
        "count": 0,
        "mean": null
      },
      "scenarioDuration": {
        "min": null,
        "max": null,
        "median": null,
        "p95": null,
        "p99": null
      },
      "scenarioCounts": {},
      "errors": {},
      "codes": {},
      "matches": 0,
      "latencies": [],
      "customStats": {},
      "counters": {},
      "concurrency": 0,
      "pendingRequests": 0,
      "scenariosAvoided": 0
    },
    {
      "timestamp": "2020-03-26T11:44:57.919Z",
      "scenariosCreated": 11,
      "scenariosCompleted": 11,
      "requestsCompleted": 11,
      "latency": {
        "min": 109.2,
        "max": 330.7,
        "median": 124.8,
        "p95": 324.8,
        "p99": 330.7
      },
      "rps": {
        "count": 11,
        "mean": 1.25
      },
      "scenarioDuration": {
        "min": 115.2,
        "max": 337.6,
        "median": 131.6,
        "p95": 337.1,
        "p99": 337.6
      },
      "scenarioCounts": {
        "0": 11
      },
      "errors": {},
      "codes": {
        "200": 11
      },
      "matches": 0,
      "latencies": [
        213495921,
        127090257,
        116505434,
        117516811,
        135334067,
        119482657,
        144404299,
        124780791,
        330699421,
        113938947,
        109170008
      ],
      "customStats": {},
      "counters": {},
      "concurrency": 0,
      "pendingRequests": 0,
      "scenariosAvoided": 0
    },
    {
      "timestamp": "2020-03-26T11:45:07.919Z",
      "scenariosCreated": 38,
      "scenariosCompleted": 38,
      "requestsCompleted": 38,
      "latency": {
        "min": 106,
        "max": 172.7,
        "median": 112.7,
        "p95": 150.8,
        "p99": 172.7
      },
      "rps": {
        "count": 38,
        "mean": 4.07
      },
      "scenarioDuration": {
        "min": 112.7,
        "max": 178.7,
        "median": 118.9,
        "p95": 156.9,
        "p99": 178.7
      },
      "scenarioCounts": {
        "0": 38
      },
      "errors": {},
      "codes": {
        "200": 38
      },
      "matches": 0,
      "latencies": [
        108028729,
        107304373,
        172651424,
        115667568,
        134442075,
        112425592,
        106024532,
        118479940,
        109165988,
        113115000,
        108476891,
        107569125,
        113863481,
        107692531,
        108385649,
        108130486,
        109773124,
        108704836,
        150337095,
        151189497,
        112742306,
        110657074,
        111013994,
        109323416,
        120816933,
        137601470,
        113587285,
        116239754,
        118261271,
        116103357,
        112711686,
        108148734,
        111015232,
        127063349,
        124327991,
        113047883,
        111813817,
        116916171
      ],
      "customStats": {},
      "counters": {},
      "concurrency": 0,
      "pendingRequests": 0,
      "scenariosAvoided": 0
    },
    {
      "timestamp": "2020-03-26T11:45:17.920Z",
      "scenariosCreated": 62,
      "scenariosCompleted": 61,
      "requestsCompleted": 61,
      "latency": {
        "min": 104.5,
        "max": 312.9,
        "median": 110,
        "p95": 216.5,
        "p99": 304.2
      },
      "rps": {
        "count": 62,
        "mean": 6.2
      },
      "scenarioDuration": {
        "min": 109.3,
        "max": 319.3,
        "median": 115.1,
        "p95": 223,
        "p99": 310.6
      },
      "scenarioCounts": {
        "0": 62
      },
      "errors": {},
      "codes": {
        "200": 61
      },
      "matches": 0,
      "latencies": [
        107440769,
        107746039,
        110061691,
        107707996,
        109257847,
        115640660,
        107699645,
        107639642,
        113848635,
        121015806,
        125311223,
        113877090,
        135178494,
        114217618,
        107175090,
        109868385,
        112184347,
        109967358,
        312866393,
        109830651,
        107728099,
        110093857,
        107838517,
        115716436,
        104536229,
        108183993,
        109912304,
        117194532,
        110018700,
        109539919,
        107932849,
        109105986,
        108085329,
        111029150,
        111201114,
        187523003,
        112403633,
        110528409,
        109066706,
        110167468,
        110247574,
        107404583,
        114153286,
        109567755,
        107361900,
        107799236,
        232375277,
        109622809,
        110422323,
        203512976,
        233759658,
        108615142,
        118639534,
        108306471,
        108454003,
        110059216,
        108219870,
        110794399,
        108952578,
        107603146,
        116970606
      ],
      "customStats": {},
      "counters": {},
      "concurrency": 1,
      "pendingRequests": 1,
      "scenariosAvoided": 0
    },
    {
      "timestamp": "2020-03-26T11:45:27.920Z",
      "scenariosCreated": 81,
      "scenariosCompleted": 80,
      "requestsCompleted": 80,
      "latency": {
        "min": 106.1,
        "max": 813.7,
        "median": 112.1,
        "p95": 269.8,
        "p99": 795.7
      },
      "rps": {
        "count": 80,
        "mean": 8.05
      },
      "scenarioDuration": {
        "min": 110.2,
        "max": 819.4,
        "median": 117.3,
        "p95": 275.3,
        "p99": 801.6
      },
      "scenarioCounts": {
        "0": 81
      },
      "errors": {},
      "codes": {
        "200": 80
      },
      "matches": 0,
      "latencies": [
        106706825,
        813736115,
        115159714,
        119123572,
        109152688,
        108970826,
        109479608,
        107529536,
        114113077,
        110179840,
        108596895,
        113579244,
        117003390,
        114080912,
        114546392,
        137850449,
        110741200,
        121276848,
        341423735,
        128105037,
        107470152,
        109457648,
        112749110,
        113390267,
        109758896,
        108201313,
        255629538,
        112792101,
        112558588,
        140258887,
        116003457,
        122986601,
        283992956,
        137633946,
        107842536,
        115028885,
        111293283,
        122130796,
        108581430,
        115731900,
        110039731,
        109671677,
        109487958,
        106141752,
        108243376,
        112459615,
        108518644,
        108497303,
        110054887,
        108327504,
        112808803,
        119602352,
        107511288,
        108828862,
        114059570,
        110235202,
        108288532,
        125341842,
        109188566,
        108448126,
        128731658,
        117839710,
        121493349,
        110479850,
        108029967,
        111814126,
        117279896,
        111326996,
        110700993,
        107304372,
        117087208,
        115064762,
        121275610,
        112465800,
        109544249,
        107344580,
        108291935,
        753712251,
        122880514,
        110400053
      ],
      "customStats": {},
      "counters": {},
      "concurrency": 2,
      "pendingRequests": 1,
      "scenariosAvoided": 0
    },
    {
      "timestamp": "2020-03-26T11:45:37.925Z",
      "scenariosCreated": 105,
      "scenariosCompleted": 105,
      "requestsCompleted": 105,
      "latency": {
        "min": 106,
        "max": 620.4,
        "median": 111.1,
        "p95": 147,
        "p99": 386.2
      },
      "rps": {
        "count": 106,
        "mean": 10.6
      },
      "scenarioDuration": {
        "min": 110.8,
        "max": 625,
        "median": 117.1,
        "p95": 153.4,
        "p99": 392.1
      },
      "scenarioCounts": {
        "0": 105
      },
      "errors": {},
      "codes": {
        "200": 105
      },
      "matches": 0,
      "latencies": [
        114281641,
        108892885,
        105951540,
        109958079,
        108929071,
        112008670,
        114487937,
        126341467,
        110161282,
        109566209,
        113897812,
        108237500,
        107358189,
        111084512,
        121371490,
        111686080,
        108865977,
        110037876,
        109686523,
        109444967,
        107805422,
        113042007,
        109927769,
        110280050,
        111810724,
        106764353,
        174814287,
        132736033,
        117104529,
        111186269,
        108239975,
        107809752,
        111085749,
        115474262,
        108193271,
        107774802,
        113546459,
        149074574,
        194674711,
        126141048,
        114654025,
        132243953,
        108288842,
        108227912,
        110532121,
        107142305,
        108009863,
        114061426,
        110123549,
        116573477,
        116499249,
        116866994,
        113913895,
        117046691,
        114698563,
        132310141,
        108013883,
        119582867,
        108753704,
        111375554,
        118086833,
        110105301,
        126414459,
        109230011,
        121925428,
        137132587,
        126735812,
        123034541,
        116716989,
        108740714,
        168349822,
        110774913,
        109442802,
        107746347,
        111206991,
        108761437,
        110281287,
        132444063,
        119306362,
        146311688,
        115736849,
        109866220,
        109154235,
        110826255,
        109593735,
        111901655,
        121268806,
        109118975,
        109435379,
        116215630,
        108475035,
        108807830,
        122064299,
        119496885,
        110442427,
        112086920,
        112410746,
        109542394,
        110094167,
        620364443,
        106498363,
        108294719,
        109083098,
        111817529,
        110360775
      ],
      "customStats": {},
      "counters": {},
      "concurrency": 2,
      "pendingRequests": 2,
      "scenariosAvoided": 0
    },
    {
      "timestamp": "2020-03-26T11:45:47.940Z",
      "scenariosCreated": 145,
      "scenariosCompleted": 145,
      "requestsCompleted": 145,
      "latency": {
        "min": 106.7,
        "max": 907.4,
        "median": 111.2,
        "p95": 198.2,
        "p99": 509.8
      },
      "rps": {
        "count": 145,
        "mean": 14.54
      },
      "scenarioDuration": {
        "min": 109.6,
        "max": 913.9,
        "median": 116.6,
        "p95": 203.6,
        "p99": 512.8
      },
      "scenarioCounts": {
        "0": 145
      },
      "errors": {},
      "codes": {
        "200": 145
      },
      "matches": 0,
      "latencies": [
        350889857,
        110005091,
        116536672,
        107048591,
        108071102,
        251985485,
        116036860,
        114003589,
        109928697,
        109948800,
        109439091,
        108381010,
        111385760,
        109414348,
        110615629,
        112434871,
        113684402,
        111461536,
        108188941,
        113624400,
        109589096,
        113515221,
        111295757,
        109908902,
        111697215,
        109003611,
        110112415,
        108475963,
        110033545,
        114276074,
        111463392,
        109407233,
        113028399,
        108183992,
        108272759,
        110621196,
        107982336,
        111112348,
        110142416,
        114993316,
        113324079,
        107838516,
        108986909,
        155183975,
        107514690,
        225856068,
        114885993,
        123641986,
        110205511,
        114527526,
        108083474,
        108904020,
        120390423,
        111083275,
        111664430,
        111629789,
        115020843,
        110735324,
        114937953,
        107313652,
        110468716,
        109328365,
        124549751,
        109612292,
        113166960,
        108917318,
        119304816,
        109378779,
        110891515,
        110381187,
        114117098,
        115662619,
        109629304,
        112654776,
        106737445,
        188966150,
        178548342,
        122165437,
        117157726,
        114313188,
        119658952,
        907406068,
        251986723,
        121148492,
        112666529,
        114551341,
        126829527,
        117799502,
        137453320,
        110095094,
        112049805,
        109365479,
        109671986,
        108787418,
        110600783,
        108458642,
        109704461,
        110434695,
        110240769,
        111571643,
        108280800,
        107365612,
        111208538,
        113619760,
        110117363,
        111672782,
        113399855,
        109319705,
        109266817,
        110240151,
        117101435,
        111445144,
        109715596,
        110627691,
        108993095,
        111598552,
        488860311,
        107826145,
        109353418,
        111914646,
        111052964,
        116385738,
        113017883,
        111739279,
        110113342,
        111279984,
        109901169,
        110368506,
        185059201,
        109311972,
        127286348,
        109769721,
        108985981,
        123801579,
        109961481,
        112112901,
        116196144,
        420079525,
        133142439,
        109688069,
        108791128,
        115087031,
        112278371,
        109688378,
        131690015
      ],
      "customStats": {},
      "counters": {},
      "concurrency": 2,
      "pendingRequests": 2,
      "scenariosAvoided": 0
    },
    {
      "timestamp": "2020-03-26T11:45:57.934Z",
      "scenariosCreated": 149,
      "scenariosCompleted": 149,
      "requestsCompleted": 149,
      "latency": {
        "min": 106.4,
        "max": 636.7,
        "median": 113.3,
        "p95": 158.6,
        "p99": 535.7
      },
      "rps": {
        "count": 149,
        "mean": 14.96
      },
      "scenarioDuration": {
        "min": 110.4,
        "max": 641.8,
        "median": 118.4,
        "p95": 163.4,
        "p99": 544.2
      },
      "scenarioCounts": {
        "0": 149
      },
      "errors": {},
      "codes": {
        "200": 149
      },
      "matches": 0,
      "latencies": [
        138898013,
        123103203,
        114715574,
        106429701,
        146997075,
        111420710,
        107978315,
        108645144,
        116986689,
        114194421,
        110087672,
        115986136,
        112440438,
        114830940,
        118847686,
        113488313,
        133335746,
        162821576,
        132098278,
        111674946,
        114661139,
        112149397,
        108781541,
        111713298,
        334529666,
        112857052,
        108968351,
        111649585,
        125077709,
        115260543,
        112008361,
        109067943,
        109346304,
        113232839,
        145286393,
        114610416,
        122245233,
        121369944,
        131677643,
        128540208,
        118176527,
        119648746,
        113360266,
        113257891,
        117892599,
        147892469,
        109919727,
        113748734,
        119935766,
        111005025,
        107896044,
        108550810,
        109076603,
        109603632,
        111604119,
        113640173,
        109330839,
        108507510,
        112847155,
        109101037,
        113663060,
        108210283,
        110129116,
        108878658,
        110433457,
        149121277,
        110284070,
        636731438,
        110679651,
        108301213,
        110225614,
        114737224,
        109195370,
        110103136,
        110064784,
        124974406,
        126683851,
        109727039,
        112304660,
        113153351,
        111669998,
        109886014,
        110105920,
        110371290,
        112804164,
        109807145,
        109774671,
        108891029,
        110770893,
        110340361,
        124037258,
        109300528,
        123073820,
        110922754,
        136805667,
        115758808,
        122934022,
        123701370,
        115255594,
        116343675,
        125356070,
        118203744,
        115401888,
        125166476,
        146980373,
        109161039,
        109516722,
        113854512,
        110173963,
        534716848,
        111341223,
        121982955,
        108450910,
        119109345,
        120974981,
        114586291,
        124762543,
        115769943,
        119751430,
        130215940,
        114441544,
        118378183,
        125387308,
        110839555,
        113727393,
        112926024,
        109436926,
        112474152,
        109473731,
        109797867,
        112242184,
        232934474,
        118759229,
        112739213,
        116667192,
        121402419,
        118554479,
        110003853,
        110765944,
        134707446,
        123312283,
        177461189,
        158408939,
        110712437,
        110748005,
        109746524,
        111199259,
        525515787,
        111117297
      ],
      "customStats": {},
      "counters": {},
      "concurrency": 2,
      "pendingRequests": 2,
      "scenariosAvoided": 0
    },
    {
      "timestamp": "2020-03-26T11:46:07.940Z",
      "scenariosCreated": 150,
      "scenariosCompleted": 150,
      "requestsCompleted": 150,
      "latency": {
        "min": 108.5,
        "max": 905.9,
        "median": 117.6,
        "p95": 223.6,
        "p99": 519.8
      },
      "rps": {
        "count": 150,
        "mean": 15.06
      },
      "scenarioDuration": {
        "min": 112,
        "max": 910.4,
        "median": 122.1,
        "p95": 229,
        "p99": 524.2
      },
      "scenarioCounts": {
        "0": 150
      },
      "errors": {},
      "codes": {
        "200": 150
      },
      "matches": 0,
      "latencies": [
        123045056,
        119059240,
        111922687,
        110630784,
        111644327,
        112733645,
        113769457,
        122867834,
        114798463,
        114044106,
        120059173,
        116635645,
        127554502,
        121887385,
        109650336,
        111171422,
        117514956,
        116662244,
        134952403,
        290095862,
        121520258,
        111002241,
        108523902,
        125387308,
        121278084,
        111375245,
        114345045,
        116001600,
        114539898,
        112377962,
        116817507,
        519772276,
        111089770,
        110604495,
        116418523,
        119660808,
        114529073,
        115939434,
        109431667,
        123897150,
        114105655,
        119209554,
        112781895,
        109961791,
        111033479,
        113669556,
        133460081,
        119951231,
        109194752,
        112181872,
        118354059,
        117411034,
        126431161,
        121412316,
        120696928,
        117664034,
        118009819,
        120409290,
        124241080,
        116573168,
        139112041,
        156321852,
        111348336,
        114573610,
        109993957,
        109657140,
        115708704,
        117766409,
        115431580,
        111922688,
        122664630,
        112196718,
        118856036,
        164912994,
        134632598,
        113352843,
        119458842,
        116538837,
        116257384,
        111893305,
        124230564,
        118616955,
        138850382,
        111653296,
        109961171,
        116333778,
        140312395,
        121360664,
        118978824,
        109714668,
        124268607,
        124088910,
        111186886,
        146567162,
        163216230,
        112000628,
        110218810,
        241330144,
        112806328,
        121194576,
        117348558,
        905942817,
        114272671,
        116572240,
        111585561,
        131831360,
        112049806,
        110465932,
        118354059,
        110396961,
        120155672,
        123669822,
        125588346,
        223561447,
        215029070,
        243498883,
        184718983,
        138787288,
        152637902,
        123951585,
        138579135,
        159546816,
        127750282,
        118943875,
        111870727,
        133649984,
        118168794,
        119115221,
        139798665,
        135408606,
        112534772,
        348490078,
        135022922,
        278496567,
        123071346,
        113254799,
        120877554,
        115541996,
        111796497,
        111248126,
        113059945,
        117471036,
        115447354,
        114654644,
        120161239,
        125737734,
        118840572,
        114853517,
        111577829,
        113814613
      ],
      "customStats": {},
      "counters": {},
      "concurrency": 2,
      "pendingRequests": 2,
      "scenariosAvoided": 0
    },
    {
      "timestamp": "2020-03-26T11:46:17.940Z",
      "scenariosCreated": 150,
      "scenariosCompleted": 150,
      "requestsCompleted": 150,
      "latency": {
        "min": 108.9,
        "max": 780.1,
        "median": 124.8,
        "p95": 513.4,
        "p99": 746.7
      },
      "rps": {
        "count": 150,
        "mean": 15.06
      },
      "scenarioDuration": {
        "min": 111.6,
        "max": 784.6,
        "median": 129.3,
        "p95": 517.9,
        "p99": 751.2
      },
      "scenarioCounts": {
        "0": 150
      },
      "errors": {},
      "codes": {
        "200": 150
      },
      "matches": 0,
      "latencies": [
        123637656,
        110923682,
        108898143,
        347799434,
        125801757,
        128528146,
        125657318,
        116162431,
        114359582,
        115273842,
        114059879,
        135957904,
        118436020,
        146636752,
        116829570,
        110903268,
        136732366,
        169841217,
        144170785,
        132468188,
        119169656,
        114237412,
        121158698,
        113503159,
        112175377,
        116137070,
        112604671,
        118525405,
        116108615,
        116896995,
        129057959,
        123383110,
        113692134,
        405903538,
        150222039,
        116228310,
        117949817,
        124571402,
        123396101,
        124857804,
        149483764,
        120939102,
        120770849,
        116002220,
        111991969,
        123905810,
        133142130,
        146047864,
        114118336,
        120635998,
        162877248,
        149544695,
        135281797,
        122859174,
        116137997,
        123901480,
        112948601,
        116855241,
        115430342,
        129931702,
        121537269,
        124733160,
        114216689,
        113905544,
        116428730,
        136860722,
        156615677,
        148050207,
        152372531,
        152623983,
        145456193,
        400399107,
        423028602,
        311229940,
        245009145,
        378445720,
        183582033,
        124882856,
        117589804,
        123430741,
        126564465,
        780054769,
        115678702,
        118518601,
        118526024,
        113766982,
        121494896,
        122586071,
        112037744,
        114114315,
        111367821,
        210798915,
        213529324,
        177760581,
        117030299,
        124442428,
        128910118,
        136387508,
        132818304,
        431787070,
        124786667,
        124400364,
        114501236,
        113067060,
        157492823,
        113580481,
        117347011,
        273732886,
        550465265,
        560090362,
        746720755,
        680415216,
        561200094,
        628235248,
        513446373,
        313733023,
        403591905,
        205248709,
        476230154,
        143824380,
        277722106,
        110292731,
        110857184,
        116775444,
        117245564,
        139449167,
        207592198,
        176629818,
        139582162,
        116436153,
        161085224,
        150928148,
        141659042,
        118649431,
        114597425,
        168427144,
        113047884,
        118441588,
        115408074,
        114925273,
        113778735,
        146914494,
        228558023,
        220485251,
        178608035,
        158217798,
        136732057,
        141807193,
        132694279,
        111541952
      ],
      "customStats": {},
      "counters": {},
      "concurrency": 2,
      "pendingRequests": 2,
      "scenariosAvoided": 0
    },
    {
      "timestamp": "2020-03-26T11:46:27.938Z",
      "scenariosCreated": 150,
      "scenariosCompleted": 148,
      "requestsCompleted": 148,
      "latency": {
        "min": 110.6,
        "max": 870.7,
        "median": 159.5,
        "p95": 594.6,
        "p99": 833.6
      },
      "rps": {
        "count": 150,
        "mean": 15.08
      },
      "scenarioDuration": {
        "min": 113.4,
        "max": 874.3,
        "median": 164,
        "p95": 601.9,
        "p99": 836.2
      },
      "scenarioCounts": {
        "0": 150
      },
      "errors": {},
      "codes": {
        "200": 148
      },
      "matches": 0,
      "latencies": [
        121828001,
        123681265,
        121464586,
        111008737,
        113320059,
        123813333,
        139494323,
        145631560,
        140473535,
        238913663,
        246206097,
        181597012,
        161804013,
        149615522,
        116113873,
        111202352,
        133225948,
        128560621,
        115892421,
        113959670,
        116628531,
        301358648,
        127690280,
        125749796,
        115709631,
        134540739,
        184504954,
        162498678,
        177644907,
        149778517,
        123179907,
        120002573,
        160976044,
        149760888,
        115452920,
        120302584,
        140978914,
        123710030,
        133966387,
        141355320,
        131960643,
        265233294,
        832852079,
        870668629,
        685936348,
        756939998,
        558072247,
        492186103,
        825604182,
        625747011,
        398674508,
        468125216,
        405775182,
        216353139,
        354954234,
        288820969,
        138068188,
        128048746,
        129136828,
        122230697,
        177895431,
        133535856,
        112055373,
        120498984,
        714824939,
        157545712,
        168381679,
        173258560,
        251891771,
        233576250,
        168938400,
        164587311,
        144670906,
        142990535,
        118333027,
        118139721,
        113397381,
        110592433,
        363557748,
        129044351,
        123293108,
        165515181,
        193710964,
        266891706,
        267698025,
        391096600,
        325475208,
        307273506,
        241239831,
        222456664,
        159136698,
        210516224,
        185820982,
        189149867,
        173412586,
        144926999,
        159330932,
        432834016,
        591084290,
        576699841,
        534056515,
        488834640,
        442015282,
        378418503,
        335158452,
        277479932,
        209987338,
        158376773,
        114207102,
        139397206,
        135249940,
        122644218,
        123874263,
        126292599,
        176186915,
        220541233,
        218364761,
        179619103,
        151168465,
        221991183,
        167111116,
        216046324,
        199986453,
        157135284,
        120392587,
        148643425,
        155541205,
        158811016,
        149513457,
        122840925,
        161070687,
        176787865,
        333653139,
        196735508,
        142114317,
        117456190,
        243691262,
        245547619,
        218361977,
        188191378,
        140856126,
        118204054,
        122320700,
        114974759,
        133596787,
        133179554,
        159703007,
        171272610
      ],
      "customStats": {},
      "counters": {},
      "concurrency": 4,
      "pendingRequests": 4,
      "scenariosAvoided": 0
    },
    {
      "timestamp": "2020-03-26T11:46:37.940Z",
      "scenariosCreated": 150,
      "scenariosCompleted": 151,
      "requestsCompleted": 151,
      "latency": {
        "min": 116.2,
        "max": 1364.7,
        "median": 251.7,
        "p95": 1071.3,
        "p99": 1296.6
      },
      "rps": {
        "count": 150,
        "mean": 15.06
      },
      "scenarioDuration": {
        "min": 120.7,
        "max": 1369.1,
        "median": 256.1,
        "p95": 1075.8,
        "p99": 1301.4
      },
      "scenarioCounts": {
        "0": 150
      },
      "errors": {},
      "codes": {
        "200": 151
      },
      "matches": 0,
      "latencies": [
        376707512,
        541884020,
        570316409,
        539940443,
        472040205,
        409850693,
        368791549,
        231333280,
        181619590,
        328634293,
        134024225,
        128400099,
        116688534,
        122677620,
        118947895,
        138443975,
        127732962,
        120841676,
        128458246,
        375054048,
        149629440,
        177053854,
        180692648,
        285071140,
        284370908,
        278029849,
        213146732,
        160194778,
        128290302,
        148406818,
        137419298,
        190740546,
        183845548,
        157650561,
        120026079,
        173740433,
        151022481,
        172364093,
        179493841,
        125810107,
        313623533,
        509685100,
        340071211,
        272194478,
        338959933,
        273578860,
        207579826,
        202213030,
        180161907,
        163790890,
        162820648,
        207620962,
        157174255,
        180729453,
        178534115,
        140128677,
        137093308,
        175662359,
        233562331,
        203846390,
        168662513,
        154451267,
        691951723,
        157763452,
        146184262,
        202934603,
        719305620,
        842685637,
        848178933,
        868509786,
        808136114,
        762170707,
        696591379,
        651798489,
        600274835,
        540246021,
        487895945,
        453546224,
        388276495,
        324622806,
        286176542,
        244628101,
        157498699,
        224643961,
        160534379,
        133612251,
        132761704,
        116187175,
        269225915,
        337267499,
        536000710,
        802680552,
        804679492,
        1004793373,
        1087158165,
        1073004447,
        1038312032,
        1297213237,
        1364656035,
        1165081247,
        968135422,
        1240332066,
        795071096,
        1129394466,
        1123877046,
        797589953,
        997902706,
        464523846,
        731594011,
        532015512,
        661357399,
        335442071,
        616209134,
        949675772,
        416745690,
        215152168,
        284605658,
        176315579,
        163186538,
        167618970,
        211447185,
        228336572,
        236098507,
        194325523,
        268072265,
        293161232,
        251720734,
        215777242,
        186658539,
        209353913,
        271438574,
        305946962,
        607137665,
        309747824,
        305350342,
        295011404,
        258668000,
        211261921,
        234434838,
        190493422,
        171489112,
        148277535,
        287734124,
        369943345,
        338992718,
        272949765,
        241548193,
        175958659,
        142035757,
        133727616,
        212016588
      ],
      "customStats": {},
      "counters": {},
      "concurrency": 3,
      "pendingRequests": 3,
      "scenariosAvoided": 0
    },
    {
      "timestamp": "2020-03-26T11:46:47.946Z",
      "scenariosCreated": 150,
      "scenariosCompleted": 112,
      "requestsCompleted": 112,
      "latency": {
        "min": 120.5,
        "max": 2694.6,
        "median": 1076.8,
        "p95": 2482.8,
        "p99": 2660.2
      },
      "rps": {
        "count": 150,
        "mean": 15.06
      },
      "scenarioDuration": {
        "min": 127,
        "max": 2700.9,
        "median": 1081.1,
        "p95": 2487.9,
        "p99": 2666.3
      },
      "scenarioCounts": {
        "0": 150
      },
      "errors": {},
      "codes": {
        "200": 112
      },
      "matches": 0,
      "latencies": [
        341316102,
        404513589,
        349305057,
        318184320,
        274511678,
        220477828,
        176727863,
        144041192,
        163903472,
        224574371,
        251183807,
        219947087,
        173585170,
        150443800,
        120490942,
        190093511,
        168304666,
        151224138,
        157565816,
        174628404,
        290438245,
        283437471,
        250814205,
        150994336,
        219991315,
        346008956,
        366733535,
        358567667,
        393155541,
        327221149,
        386225904,
        469089581,
        440872148,
        458920752,
        480631038,
        493471821,
        447299807,
        415952362,
        369633436,
        376823186,
        334243883,
        274384250,
        263638287,
        347570869,
        358487561,
        315667630,
        261949255,
        268977865,
        226824145,
        489521572,
        1125367513,
        1136120282,
        1359189958,
        1431178078,
        1366460433,
        1300464182,
        1281987830,
        908859729,
        1241655517,
        1109599611,
        976782545,
        1043947911,
        1177740787,
        884942661,
        750892765,
        818793621,
        1410748871,
        1649701196,
        1516532466,
        1716803775,
        1583644633,
        1523405813,
        1267512450,
        1468010160,
        1332997135,
        1204059490,
        1406585522,
        1291593442,
        1239475643,
        1176221556,
        1153189984,
        2100328342,
        2137170010,
        2273198434,
        1805353125,
        1938982697,
        2005980427,
        1873121297,
        2208481715,
        1695405563,
        1627655020,
        1770594523,
        1571877085,
        1429393477,
        1363099071,
        1496677609,
        1563505849,
        2546608112,
        1841968704,
        1944303099,
        1896827739,
        2002935779,
        1962946777,
        2245714327,
        2183524815,
        2133316879,
        2289045514,
        2694638524,
        2639034100,
        2563769673,
        2559456627,
        2504329438
      ],
      "customStats": {},
      "counters": {},
      "concurrency": 41,
      "pendingRequests": 41,
      "scenariosAvoided": 0
    },
    {
      "timestamp": "2020-03-26T11:46:57.948Z",
      "scenariosCreated": 150,
      "scenariosCompleted": 98,
      "requestsCompleted": 98,
      "latency": {
        "min": 953.6,
        "max": 6757.9,
        "median": 2143.1,
        "p95": 6408.4,
        "p99": 6675.2
      },
      "rps": {
        "count": 150,
        "mean": 15.05
      },
      "scenarioDuration": {
        "min": 957.8,
        "max": 6762,
        "median": 2147.2,
        "p95": 6413,
        "p99": 6679.4
      },
      "scenarioCounts": {
        "0": 150
      },
      "errors": {},
      "codes": {
        "200": 98
      },
      "matches": 0,
      "latencies": [
        2771206298,
        2593273133,
        2727089206,
        2660676652,
        2799477857,
        2555712057,
        2509155287,
        2441108754,
        2414092603,
        2347933976,
        2538718130,
        2472190830,
        2412068610,
        2347001466,
        2215576204,
        2282499704,
        2202632736,
        2146232820,
        2148466201,
        2084163312,
        2139957021,
        2066773495,
        2134075257,
        2019397108,
        1963569996,
        1924341538,
        1858074040,
        1878504176,
        1817814101,
        1768099792,
        1733940902,
        1704035984,
        1583456585,
        1655259441,
        1523385399,
        1459546445,
        1441194737,
        1450847980,
        1434375207,
        1415667815,
        1349623007,
        1268613831,
        1335151957,
        1233061592,
        1163927287,
        1199908203,
        1149131174,
        1083404006,
        1032159022,
        1089022564,
        1053471252,
        1060688838,
        1019690315,
        953639938,
        1007496565,
        963223592,
        979931734,
        1066210588,
        1135107358,
        1066937728,
        1025589398,
        1031699727,
        1007943489,
        1016972585,
        1047088439,
        1257174749,
        1315109362,
        1600269267,
        2298789996,
        2232661370,
        2433217845,
        2943791843,
        3426824825,
        3998915630,
        4576323744,
        4510222027,
        4557753988,
        4700708644,
        5406357884,
        5271875292,
        5429135219,
        5425665916,
        5080164505,
        5147208010,
        5279339691,
        5290076376,
        5420592018,
        5444653833,
        5408988702,
        5393297506,
        5274809215,
        5342014169,
        6585669553,
        6543519235,
        6274745191,
        6497479289,
        6570883337,
        6757863228
      ],
      "customStats": {},
      "counters": {},
      "concurrency": 93,
      "pendingRequests": 93,
      "scenariosAvoided": 0
    },
    {
      "timestamp": "2020-03-26T11:47:07.946Z",
      "scenariosCreated": 150,
      "scenariosCompleted": 30,
      "requestsCompleted": 30,
      "latency": {
        "min": 6147.2,
        "max": 15067.8,
        "median": 7974.5,
        "p95": 14994.9,
        "p99": 15067.8
      },
      "rps": {
        "count": 150,
        "mean": 15.05
      },
      "scenarioDuration": {
        "min": 6151.2,
        "max": 15072.3,
        "median": 7977.7,
        "p95": 14999.1,
        "p99": 15072.3
      },
      "scenarioCounts": {
        "0": 150
      },
      "errors": {},
      "codes": {
        "200": 30
      },
      "matches": 0,
      "latencies": [
        7574475120,
        6672065937,
        6625394731,
        6445592219,
        7926804721,
        8022236078,
        9874525472,
        8608519572,
        8310875803,
        8228231413,
        8164062447,
        6765257110,
        6839968836,
        6704168051,
        6660149004,
        6594143475,
        6527807315,
        6200142954,
        6147164400,
        6834612246,
        6927852595,
        8061051016,
        14994940329,
        14928687987,
        14730151484,
        14867608825,
        15067832504,
        14668619523,
        14602140471,
        14929385744
      ],
      "customStats": {},
      "counters": {},
      "concurrency": 213,
      "pendingRequests": 213,
      "scenariosAvoided": 0
    },
    {
      "timestamp": "2020-03-26T11:47:17.948Z",
      "scenariosCreated": 150,
      "scenariosCompleted": 74,
      "requestsCompleted": 74,
      "latency": {
        "min": 8818.7,
        "max": 22728.3,
        "median": 20187.3,
        "p95": 21213.9,
        "p99": 22393.5
      },
      "rps": {
        "count": 150,
        "mean": 15.05
      },
      "scenarioDuration": {
        "min": 8822.8,
        "max": 22732.5,
        "median": 20191.5,
        "p95": 21218,
        "p99": 22397.7
      },
      "scenarioCounts": {
        "0": 150
      },
      "errors": {},
      "codes": {
        "200": 74
      },
      "matches": 0,
      "latencies": [
        15091120786,
        15025801571,
        15297723566,
        14904080275,
        15239749364,
        14973137565,
        15208330163,
        14819838402,
        14887570078,
        8818725578,
        9528425895,
        15592217217,
        9726264330,
        9685726958,
        9703779892,
        9728755969,
        16037992536,
        11233750071,
        11521095727,
        13125929802,
        13938528350,
        20978736638,
        20644255530,
        21047442575,
        21066693080,
        21200650808,
        21333352819,
        21217209873,
        21100434429,
        20901473889,
        15281405437,
        20951111804,
        21218322078,
        21151779932,
        21078573828,
        20959298395,
        21000076394,
        20933922716,
        20801057091,
        20865862266,
        20682377659,
        15550078652,
        20750671313,
        20678414420,
        20612477553,
        20285493011,
        20085844302,
        20152928634,
        20461879418,
        22728330077,
        19956416124,
        19890448019,
        19820158208,
        19912734820,
        20877497747,
        20194564604,
        20415446055,
        20349108039,
        20280658193,
        20414546331,
        20175503385,
        20284901958,
        20418577614,
        16952170194,
        20302015888,
        20169180884,
        20237314944,
        20371110913,
        20209067510,
        19646583554,
        19512035393,
        17312529886,
        19579598195,
        20179971075
      ],
      "customStats": {},
      "counters": {},
      "concurrency": 289,
      "pendingRequests": 289,
      "scenariosAvoided": 0
    },
    {
      "timestamp": "2020-03-26T11:47:27.946Z",
      "scenariosCreated": 150,
      "scenariosCompleted": 27,
      "requestsCompleted": 27,
      "latency": {
        "min": 17165.7,
        "max": 34092.4,
        "median": 22963.3,
        "p95": 31996.1,
        "p99": 34092.4
      },
      "rps": {
        "count": 150,
        "mean": 15.05
      },
      "scenarioDuration": {
        "min": 17169.8,
        "max": 34096.6,
        "median": 22967.5,
        "p95": 32001.5,
        "p99": 34096.6
      },
      "scenarioCounts": {
        "0": 150
      },
      "errors": {
        "ENOTFOUND": 2
      },
      "codes": {
        "200": 27
      },
      "matches": 0,
      "latencies": [
        17383965614,
        17477545563,
        17278098821,
        17347196628,
        17265108650,
        17231907940,
        17165672609,
        20648571359,
        17224453130,
        19105786688,
        19113411918,
        19230561293,
        22229244955,
        24148249080,
        22963330296,
        23319203430,
        24001828212,
        25004906882,
        34092400318,
        25322670260,
        25612154036,
        31626180018,
        28999086667,
        29139952381,
        26024845556,
        29428424471,
        29494323914
      ],
      "customStats": {},
      "counters": {},
      "concurrency": 410,
      "pendingRequests": 412,
      "scenariosAvoided": 0
    },
    {
      "timestamp": "2020-03-26T11:47:37.945Z",
      "scenariosCreated": 150,
      "scenariosCompleted": 13,
      "requestsCompleted": 13,
      "latency": {
        "min": 27357.7,
        "max": 32938.5,
        "median": 29609.2,
        "p95": 32889.2,
        "p99": 32938.5
      },
      "rps": {
        "count": 150,
        "mean": 15.05
      },
      "scenarioDuration": {
        "min": 27368.9,
        "max": 32942.8,
        "median": 29613.4,
        "p95": 32893.4,
        "p99": 32942.8
      },
      "scenarioCounts": {
        "0": 150
      },
      "errors": {
        "ENOTFOUND": 406
      },
      "codes": {
        "200": 13
      },
      "matches": 0,
      "latencies": [
        29496827306,
        27357693305,
        28420222416,
        31656466290,
        31590342922,
        31724083528,
        28657890569,
        28598996231,
        28743968386,
        29609204958,
        32609743741,
        29927486396,
        32938526803
      ],
      "customStats": {},
      "counters": {},
      "concurrency": 141,
      "pendingRequests": 549,
      "scenariosAvoided": 0
    },
    {
      "timestamp": "2020-03-26T11:47:47.948Z",
      "scenariosCreated": 150,
      "scenariosCompleted": 0,
      "requestsCompleted": 0,
      "latency": {
        "min": null,
        "max": null,
        "median": null,
        "p95": null,
        "p99": null
      },
      "rps": {
        "count": 150,
        "mean": 15.05
      },
      "scenarioDuration": {
        "min": null,
        "max": null,
        "median": null,
        "p95": null,
        "p99": null
      },
      "scenarioCounts": {
        "0": 150
      },
      "errors": {
        "ENOTFOUND": 166
      },
      "codes": {},
      "matches": 0,
      "latencies": [],
      "customStats": {},
      "counters": {},
      "concurrency": 125,
      "pendingRequests": 699,
      "scenariosAvoided": 0
    },
    {
      "timestamp": "2020-03-26T11:47:57.949Z",
      "scenariosCreated": 150,
      "scenariosCompleted": 3,
      "requestsCompleted": 3,
      "latency": {
        "min": 47736.7,
        "max": 50781.8,
        "median": 47790.2,
        "p95": 50781.8,
        "p99": 50781.8
      },
      "rps": {
        "count": 150,
        "mean": 15.05
      },
      "scenarioDuration": {
        "min": 47740.9,
        "max": 50786.1,
        "median": 47794.4,
        "p95": 50786.1,
        "p99": 50786.1
      },
      "scenarioCounts": {
        "0": 150
      },
      "errors": {
        "ENOTFOUND": 166
      },
      "codes": {
        "200": 3
      },
      "matches": 0,
      "latencies": [
        50781755863,
        47790171328,
        47736723892
      ],
      "customStats": {},
      "counters": {},
      "concurrency": 106,
      "pendingRequests": 846,
      "scenariosAvoided": 0
    },
    {
      "timestamp": "2020-03-26T11:48:07.950Z",
      "scenariosCreated": 150,
      "scenariosCompleted": 88,
      "requestsCompleted": 88,
      "latency": {
        "min": 114.9,
        "max": 71332.3,
        "median": 57810.8,
        "p95": 61144.8,
        "p99": 68110.8
      },
      "rps": {
        "count": 150,
        "mean": 15.05
      },
      "scenarioDuration": {
        "min": 118.8,
        "max": 71336.5,
        "median": 57815,
        "p95": 61149.5,
        "p99": 68115
      },
      "scenarioCounts": {
        "0": 150
      },
      "errors": {
        "ENOTFOUND": 115
      },
      "codes": {
        "200": 88
      },
      "matches": 0,
      "latencies": [
        60493979056,
        60429822462,
        59975097226,
        60376572971,
        60576733863,
        60113042935,
        59853204582,
        60055550607,
        59789543469,
        60252441688,
        59725636472,
        59924146375,
        59591268935,
        59662290217,
        61263989949,
        61063725135,
        61396155033,
        61131604651,
        71332346390,
        60866513321,
        60666431606,
        60733630376,
        60800376035,
        58204780135,
        58405340630,
        59607551495,
        58479415838,
        59214620498,
        57681700005,
        57214047075,
        57349122266,
        57013017078,
        60349867655,
        59083425965,
        60484642835,
        57951013759,
        57551516231,
        59424892692,
        59024005834,
        59360289792,
        58358758189,
        59687046079,
        59160234986,
        58960241110,
        59493984932,
        57300487688,
        57777195385,
        57844503642,
        56980026995,
        56913944453,
        57112327548,
        57911049501,
        58646431075,
        57643969746,
        57180370369,
        124340053,
        117255771,
        120237943,
        143925827,
        118486125,
        126570342,
        125322976,
        116485021,
        126276517,
        142872696,
        124720480,
        148369394,
        143789431,
        124789142,
        121837280,
        62854582469,
        118314160,
        117633723,
        123358367,
        148294854,
        129880670,
        125319265,
        125152867,
        116564508,
        127798531,
        148323928,
        141145931,
        147254713,
        127967094,
        123203722,
        114901148,
        133755143,
        205035299
      ],
      "customStats": {},
      "counters": {},
      "concurrency": 53,
      "pendingRequests": 908,
      "scenariosAvoided": 0
    },
    {
      "timestamp": "2020-03-26T11:48:17.951Z",
      "scenariosCreated": 150,
      "scenariosCompleted": 168,
      "requestsCompleted": 168,
      "latency": {
        "min": 115.6,
        "max": 69113.3,
        "median": 150.6,
        "p95": 65026.5,
        "p99": 68808.1
      },
      "rps": {
        "count": 150,
        "mean": 15.03
      },
      "scenarioDuration": {
        "min": 119.6,
        "max": 69117.5,
        "median": 154.6,
        "p95": 65030.7,
        "p99": 68812.3
      },
      "scenarioCounts": {
        "0": 150
      },
      "errors": {},
      "codes": {
        "200": 168
      },
      "matches": 0,
      "latencies": [
        676562392,
        2483967656,
        64470491901,
        2476010558,
        2361363955,
        2161873294,
        2295540289,
        2430877758,
        1962040867,
        2230054058,
        64233377995,
        2034592204,
        2107889549,
        1917411282,
        1786601815,
        1721671068,
        1858364464,
        1540973162,
        1207761380,
        1341748489,
        1412584196,
        1012884703,
        1488664840,
        1688922230,
        1289229850,
        1622797006,
        1156254117,
        956674380,
        1091444612,
        842151184,
        709612478,
        376756380,
        577118001,
        644470796,
        512058589,
        784896700,
        318626296,
        928814486,
        462688829,
        190895499,
        261658214,
        135399636,
        121900994,
        189762571,
        141896577,
        135555209,
        212100406,
        642585675,
        65004017055,
        876044085,
        65228867004,
        995086933,
        946726385,
        882627627,
        826164615,
        707717460,
        774677457,
        575619801,
        642664234,
        509842528,
        384533161,
        454112224,
        323534725,
        268746207,
        210635918,
        155487697,
        122805667,
        121272517,
        115601380,
        65281591630,
        117076692,
        116786269,
        132595306,
        127456766,
        132111268,
        173763011,
        127273357,
        122233790,
        140153420,
        254779300,
        219183760,
        181829597,
        150454625,
        119488225,
        119223473,
        135447267,
        116775443,
        119256567,
        148005050,
        137090214,
        124160665,
        119255639,
        121515928,
        121786247,
        66656431341,
        135116327,
        124467790,
        135333758,
        122718447,
        122025638,
        118177764,
        122594112,
        123616934,
        121663769,
        147486061,
        147434719,
        123072274,
        136209667,
        126613333,
        67347573962,
        67306598635,
        133561218,
        118982845,
        122121827,
        116067789,
        117682282,
        117489594,
        125008119,
        117917961,
        126566940,
        124912858,
        568895223,
        119342858,
        123373213,
        115836131,
        122690920,
        124700376,
        124046537,
        124441191,
        138334487,
        132191683,
        131702387,
        123795394,
        152256856,
        142392678,
        134677445,
        69113314801,
        149282108,
        152056128,
        115603854,
        68628539590,
        136038319,
        122814946,
        116838539,
        68847493237,
        123972617,
        118694896,
        128044107,
        129576019,
        614355252,
        119651838,
        120524035,
        150796390,
        143097550,
        120931061,
        142872386,
        119425748,
        120095051,
        120616513,
        266900675,
        177743571,
        244155197,
        147606375,
        211187073,
        216389326,
        183158306,
        117159273,
        124991727
      ],
      "customStats": {},
      "counters": {},
      "concurrency": 35,
      "pendingRequests": 890,
      "scenariosAvoided": 0
    },
    {
      "timestamp": "2020-03-26T11:48:27.954Z",
      "scenariosCreated": 150,
      "scenariosCompleted": 167,
      "requestsCompleted": 167,
      "latency": {
        "min": 112.9,
        "max": 85495.2,
        "median": 155.9,
        "p95": 80373.7,
        "p99": 83980.9
      },
      "rps": {
        "count": 150,
        "mean": 15.03
      },
      "scenarioDuration": {
        "min": 116.9,
        "max": 85501.1,
        "median": 159.9,
        "p95": 80376.5,
        "p99": 83987.4
      },
      "scenarioCounts": {
        "0": 150
      },
      "errors": {},
      "codes": {
        "200": 167
      },
      "matches": 0,
      "latencies": [
        313310533,
        137645080,
        151656835,
        174300866,
        191970590,
        185937275,
        177407991,
        147752361,
        146329318,
        143872629,
        133705347,
        114419893,
        140047643,
        148410838,
        124184480,
        127704198,
        187994052,
        85495238793,
        178684429,
        142093904,
        113441610,
        76255205501,
        76076299001,
        112874372,
        76413679392,
        143495296,
        83868532674,
        83805075074,
        84003947775,
        173270621,
        137371977,
        183154595,
        157245082,
        114983729,
        118737887,
        127466354,
        125317099,
        76725140990,
        124572021,
        353461602,
        123598994,
        123666729,
        194844201,
        192389059,
        168258890,
        131907446,
        124301701,
        142114936,
        123416823,
        123622501,
        152026745,
        143234565,
        141668322,
        132789540,
        151848284,
        151202488,
        124815432,
        114969811,
        124934508,
        117703932,
        144109546,
        154351057,
        390497814,
        460451736,
        419690747,
        357371024,
        242665347,
        191644599,
        340678347,
        140913036,
        140556425,
        79300613260,
        127925649,
        144103669,
        166708421,
        169663375,
        159452174,
        117175356,
        117243090,
        76316195278,
        127027781,
        76312696283,
        175660813,
        481887682,
        79496917000,
        709560208,
        589648566,
        524198832,
        476300981,
        419584661,
        80363764044,
        230098595,
        299107637,
        80430162371,
        172839471,
        118029614,
        121835425,
        147576065,
        880224136,
        158069648,
        152190050,
        148011855,
        133559671,
        155939879,
        151828180,
        122042030,
        125485662,
        132863460,
        133580085,
        153296689,
        156185456,
        143224977,
        126220844,
        118854490,
        115403434,
        446768138,
        180387689,
        213456022,
        210267863,
        81696158993,
        218783539,
        182548387,
        148757861,
        136908971,
        117287628,
        163708619,
        200296361,
        191260152,
        150597517,
        82102764308,
        142890634,
        219090972,
        132835006,
        136428643,
        146303029,
        82228892056,
        141742242,
        168308686,
        152491298,
        119055528,
        142916305,
        130393472,
        125187507,
        3325408401,
        223055140,
        530105957,
        464176204,
        527153167,
        598200120,
        489993548,
        301037606,
        434156230,
        369690036,
        244247675,
        208725435,
        143890569,
        135450978,
        212303918,
        201661257,
        148408983,
        120259903,
        222059226,
        252354778,
        216697379,
        190747040,
        143481996,
        123146813
      ],
      "customStats": {},
      "counters": {},
      "concurrency": 18,
      "pendingRequests": 873,
      "scenariosAvoided": 0
    },
    {
      "timestamp": "2020-03-26T11:48:37.953Z",
      "scenariosCreated": 150,
      "scenariosCompleted": 137,
      "requestsCompleted": 137,
      "latency": {
        "min": 115,
        "max": 85747.2,
        "median": 236.9,
        "p95": 1009.5,
        "p99": 12378.7
      },
      "rps": {
        "count": 150,
        "mean": 15.03
      },
      "scenarioDuration": {
        "min": 120.6,
        "max": 85751.4,
        "median": 240.9,
        "p95": 1013.7,
        "p99": 12382.7
      },
      "scenarioCounts": {
        "0": 150
      },
      "errors": {},
      "codes": {
        "200": 137
      },
      "matches": 0,
      "latencies": [
        209937232,
        371129470,
        362324300,
        298422251,
        250876372,
        192896604,
        151894988,
        138321806,
        123553219,
        157215080,
        217551328,
        184168138,
        318579593,
        132769745,
        148383312,
        117886412,
        121958213,
        115023627,
        127898432,
        286169119,
        85747249641,
        780113534,
        846090918,
        807162470,
        752932840,
        713771188,
        584992827,
        526743668,
        407561330,
        475193105,
        342180568,
        280300345,
        218468373,
        177219634,
        136554215,
        130068409,
        862177387,
        160404786,
        163603770,
        129768088,
        128444328,
        186281205,
        521033869,
        204949316,
        170298347,
        128285663,
        320116763,
        1021652757,
        1079399631,
        1054773362,
        986887970,
        778488835,
        647280693,
        714301002,
        984048071,
        866607035,
        933507030,
        533700212,
        476615529,
        343667323,
        610539235,
        411398689,
        288518483,
        251290821,
        214490597,
        157120129,
        192116884,
        164830414,
        181169573,
        144131196,
        121619231,
        134413311,
        208724817,
        939001872,
        1036943116,
        1023815312,
        899089884,
        833445296,
        775403979,
        721715605,
        533251742,
        600255041,
        669411923,
        467979540,
        408763540,
        287079049,
        353906361,
        236910084,
        191859556,
        176160316,
        141962456,
        147462555,
        164777216,
        189032956,
        1415593276,
        177721302,
        154296932,
        164062138,
        178812166,
        155052526,
        173314850,
        212738779,
        220111320,
        192243384,
        199747372,
        172207902,
        180182321,
        145100201,
        164153997,
        141656259,
        152277888,
        143144871,
        181366281,
        151501262,
        168123730,
        311309428,
        452802382,
        471023261,
        454753382,
        402628159,
        366969833,
        233694089,
        218372492,
        151956536,
        162308774,
        168525498,
        151839934,
        552415028,
        211907718,
        473449948,
        408957155,
        375903358,
        309614829,
        353559337,
        287812684,
        667283700,
        759379367
      ],
      "customStats": {},
      "counters": {},
      "concurrency": 31,
      "pendingRequests": 886,
      "scenariosAvoided": 0
    },
    {
      "timestamp": "2020-03-26T11:48:47.957Z",
      "scenariosCreated": 150,
      "scenariosCompleted": 125,
      "requestsCompleted": 125,
      "latency": {
        "min": 1086.6,
        "max": 4808.2,
        "median": 2141,
        "p95": 3107.6,
        "p99": 4437.6
      },
      "rps": {
        "count": 150,
        "mean": 15.03
      },
      "scenarioDuration": {
        "min": 1090.6,
        "max": 4812.2,
        "median": 2144.2,
        "p95": 3110.1,
        "p99": 4441.7
      },
      "scenarioCounts": {
        "0": 150
      },
      "errors": {},
      "codes": {
        "200": 125
      },
      "matches": 0,
      "latencies": [
        3167702169,
        3101850047,
        3061255457,
        2794444476,
        2861829128,
        2927004522,
        2693054342,
        2493340991,
        2791035793,
        3124942240,
        2658640906,
        2458943640,
        2859234805,
        2593038383,
        2403994291,
        2337634936,
        2204759413,
        2271867560,
        2334896793,
        2340528032,
        2509392202,
        2583493700,
        2649670884,
        2614029570,
        3071863168,
        2603317628,
        2590749638,
        2555696592,
        2626694367,
        2867651198,
        2581566206,
        2585300261,
        2589349793,
        2658839470,
        2587992629,
        2614783927,
        2481902838,
        2548913248,
        2682713547,
        3483041952,
        2416689090,
        2453008059,
        2374608052,
        2314900591,
        2452197720,
        2383923242,
        2379392147,
        2245003578,
        2189329875,
        2253723076,
        2140215278,
        2207361467,
        2073904480,
        2206270603,
        2141301194,
        2213790055,
        2148573834,
        2073226826,
        2141312947,
        2008535779,
        2073640656,
        2037005283,
        1972486511,
        4314080973,
        2027909071,
        2006269304,
        1967878402,
        2140987884,
        2020544264,
        1891261450,
        1958325987,
        1961983958,
        1915665032,
        1849682699,
        1984735622,
        1785067119,
        4095334549,
        1917031783,
        1852261867,
        1784684527,
        1874360002,
        1811882851,
        1776173801,
        1736077167,
        1833611385,
        1852403831,
        1823470082,
        1881218502,
        1812762471,
        1750721110,
        1682474776,
        1851495138,
        1742945255,
        4808223644,
        1893367404,
        1826954542,
        1960501841,
        2704776424,
        1937861212,
        1871514537,
        1852058664,
        1713546954,
        1846684445,
        1778492237,
        2488211111,
        1711097997,
        1685513238,
        1655771935,
        1661005117,
        1549823489,
        1483664861,
        1416411657,
        1351123062,
        1318432680,
        2185584684,
        1684092361,
        1352298054,
        1285901583,
        1352142172,
        1286024062,
        1219698109,
        1086610413,
        1371480824,
        1278935450,
        1212665169
      ],
      "customStats": {},
      "counters": {},
      "concurrency": 56,
      "pendingRequests": 911,
      "scenariosAvoided": 0
    },
    {
      "timestamp": "2020-03-26T11:48:57.971Z",
      "scenariosCreated": 28,
      "scenariosCompleted": 71,
      "requestsCompleted": 71,
      "latency": {
        "min": 2311.6,
        "max": 112539.4,
        "median": 3644.7,
        "p95": 9308.3,
        "p99": 91101.6
      },
      "rps": {
        "count": 28,
        "mean": 2.8
      },
      "scenarioDuration": {
        "min": 2316.5,
        "max": 112543.6,
        "median": 3650.6,
        "p95": 9312.4,
        "p99": 91105.8
      },
      "scenarioCounts": {
        "0": 28
      },
      "errors": {},
      "codes": {
        "200": 71
      },
      "matches": 0,
      "latencies": [
        3101164353,
        3071499752,
        2864741091,
        3001643566,
        2933494349,
        3067148355,
        2869531370,
        2801062658,
        2870686258,
        2735227548,
        2841008669,
        2776947954,
        3110429745,
        3166820383,
        4895151388,
        4829004823,
        4962910590,
        5095053715,
        3963378854,
        5236188820,
        4236725438,
        4503866122,
        4170514541,
        4104534992,
        4447818795,
        3848341001,
        3917200655,
        3715791779,
        3644735548,
        3332115659,
        3534422713,
        3810534656,
        3410962900,
        3012429428,
        2879533183,
        3613230365,
        3081930241,
        3283160039,
        3494204528,
        2963908359,
        2764403779,
        3231356167,
        3164495761,
        2832090607,
        2699188176,
        2577962052,
        2444950442,
        5978728596,
        2311589026,
        5779493099,
        2514538784,
        2648501151,
        5648881268,
        2392753155,
        5926419965,
        5860355361,
        5460769068,
        4823556374,
        4889880162,
        4157778916,
        4424854649,
        4691896979,
        5919986428,
        7938524020,
        8291762314,
        112539447126,
        8826650200,
        9180945029,
        9381545422,
        9315032349,
        10454518939
      ],
      "customStats": {},
      "counters": {},
      "concurrency": 13,
      "pendingRequests": 868,
      "scenariosAvoided": 0
    },
    {
      "timestamp": "2020-03-26T11:49:07.986Z",
      "scenariosCreated": 0,
      "scenariosCompleted": 0,
      "requestsCompleted": 0,
      "latency": {
        "min": null,
        "max": null,
        "median": null,
        "p95": null,
        "p99": null
      },
      "rps": {
        "count": 0,
        "mean": null
      },
      "scenarioDuration": {
        "min": null,
        "max": null,
        "median": null,
        "p95": null,
        "p99": null
      },
      "scenarioCounts": {},
      "errors": {
        "ESOCKETTIMEDOUT": 2
      },
      "codes": {},
      "matches": 0,
      "latencies": [],
      "customStats": {},
      "counters": {},
      "concurrency": 11,
      "pendingRequests": 868,
      "scenariosAvoided": 0
    },
    {
      "timestamp": "2020-03-26T11:49:17.986Z",
      "scenariosCreated": 0,
      "scenariosCompleted": 0,
      "requestsCompleted": 0,
      "latency": {
        "min": null,
        "max": null,
        "median": null,
        "p95": null,
        "p99": null
      },
      "rps": {
        "count": 0,
        "mean": null
      },
      "scenarioDuration": {
        "min": null,
        "max": null,
        "median": null,
        "p95": null,
        "p99": null
      },
      "scenarioCounts": {},
      "errors": {
        "ESOCKETTIMEDOUT": 3
      },
      "codes": {},
      "matches": 0,
      "latencies": [],
      "customStats": {},
      "counters": {},
      "concurrency": 8,
      "pendingRequests": 868,
      "scenariosAvoided": 0
    },
    {
      "timestamp": "2020-03-26T11:49:25.611Z",
      "scenariosCreated": 0,
      "scenariosCompleted": 0,
      "requestsCompleted": 0,
      "latency": {
        "min": null,
        "max": null,
        "median": null,
        "p95": null,
        "p99": null
      },
      "rps": {
        "count": 0,
        "mean": null
      },
      "scenarioDuration": {
        "min": null,
        "max": null,
        "median": null,
        "p95": null,
        "p99": null
      },
      "scenarioCounts": {},
      "errors": {
        "ESOCKETTIMEDOUT": 8
      },
      "codes": {},
      "matches": 0,
      "latencies": [],
      "customStats": {},
      "counters": {},
      "concurrency": 0,
      "pendingRequests": 868,
      "scenariosAvoided": 0
    }
  ]
}