{
  "aggregate": {
    "timestamp": "2020-03-26T12:12:37.998Z",
    "scenariosCreated": 3187,
    "scenariosCompleted": 2208,
    "requestsCompleted": 2208,
    "latency": {
      "min": 111.7,
      "max": 140751.2,
      "median": 162.5,
      "p95": 88026.3,
      "p99": 100472
    },
    "rps": {
      "count": 3187,
      "mean": 7.16
    },
    "scenarioDuration": {
      "min": 116.7,
      "max": 140755.5,
      "median": 167.4,
      "p95": 88030.4,
      "p99": 100476.2
    },
    "scenarioCounts": {
      "0": 3187
    },
    "errors": {
      "ENOTFOUND": 835,
      "ETIMEDOUT": 18,
      "ECONNRESET": 98,
      "ESOCKETTIMEDOUT": 28
    },
    "codes": {
      "200": 2208
    },
    "matches": 0,
    "customStats": {},
    "counters": {},
    "scenariosAvoided": 0,
    "phases": [
      {
        "duration": 60,
        "arrivalRate": 0,
        "name": "p0"
      },
      {
        "duration": 60,
        "arrivalRate": 0.25,
        "rampTo": 15,
        "name": "p1"
      },
      {
        "duration": 180,
        "arrivalRate": 15,
        "name": "p2"
      }
    ]
  },
  "intermediate": [
    {
      "timestamp": "2020-03-26T12:04:20.952Z",
      "scenariosCreated": 0,
      "scenariosCompleted": 0,
      "requestsCompleted": 0,
      "latency": {
        "min": null,
        "max": null,
        "median": null,
        "p95": null,
        "p99": null
      },
      "rps": {
        "count": 0,
        "mean": null
      },
      "scenarioDuration": {
        "min": null,
        "max": null,
        "median": null,
        "p95": null,
        "p99": null
      },
      "scenarioCounts": {},
      "errors": {},
      "codes": {},
      "matches": 0,
      "latencies": [],
      "customStats": {},
      "counters": {},
      "concurrency": 0,
      "pendingRequests": 0,
      "scenariosAvoided": 0
    },
    {
      "timestamp": "2020-03-26T12:04:30.951Z",
      "scenariosCreated": 0,
      "scenariosCompleted": 0,
      "requestsCompleted": 0,
      "latency": {
        "min": null,
        "max": null,
        "median": null,
        "p95": null,
        "p99": null
      },
      "rps": {
        "count": 0,
        "mean": null
      },
      "scenarioDuration": {
        "min": null,
        "max": null,
        "median": null,
        "p95": null,
        "p99": null
      },
      "scenarioCounts": {},
      "errors": {},
      "codes": {},
      "matches": 0,
      "latencies": [],
      "customStats": {},
      "counters": {},
      "concurrency": 0,
      "pendingRequests": 0,
      "scenariosAvoided": 0
    },
    {
      "timestamp": "2020-03-26T12:04:40.951Z",
      "scenariosCreated": 0,
      "scenariosCompleted": 0,
      "requestsCompleted": 0,
      "latency": {
        "min": null,
        "max": null,
        "median": null,
        "p95": null,
        "p99": null
      },
      "rps": {
        "count": 0,
        "mean": null
      },
      "scenarioDuration": {
        "min": null,
        "max": null,
        "median": null,
        "p95": null,
        "p99": null
      },
      "scenarioCounts": {},
      "errors": {},
      "codes": {},
      "matches": 0,
      "latencies": [],
      "customStats": {},
      "counters": {},
      "concurrency": 0,
      "pendingRequests": 0,
      "scenariosAvoided": 0
    },
    {
      "timestamp": "2020-03-26T12:04:50.951Z",
      "scenariosCreated": 0,
      "scenariosCompleted": 0,
      "requestsCompleted": 0,
      "latency": {
        "min": null,
        "max": null,
        "median": null,
        "p95": null,
        "p99": null
      },
      "rps": {
        "count": 0,
        "mean": null
      },
      "scenarioDuration": {
        "min": null,
        "max": null,
        "median": null,
        "p95": null,
        "p99": null
      },
      "scenarioCounts": {},
      "errors": {},
      "codes": {},
      "matches": 0,
      "latencies": [],
      "customStats": {},
      "counters": {},
      "concurrency": 0,
      "pendingRequests": 0,
      "scenariosAvoided": 0
    },
    {
      "timestamp": "2020-03-26T12:05:00.951Z",
      "scenariosCreated": 0,
      "scenariosCompleted": 0,
      "requestsCompleted": 0,
      "latency": {
        "min": null,
        "max": null,
        "median": null,
        "p95": null,
        "p99": null
      },
      "rps": {
        "count": 0,
        "mean": null
      },
      "scenarioDuration": {
        "min": null,
        "max": null,
        "median": null,
        "p95": null,
        "p99": null
      },
      "scenarioCounts": {},
      "errors": {},
      "codes": {},
      "matches": 0,
      "latencies": [],
      "customStats": {},
      "counters": {},
      "concurrency": 0,
      "pendingRequests": 0,
      "scenariosAvoided": 0
    },
    {
      "timestamp": "2020-03-26T12:05:10.952Z",
      "scenariosCreated": 0,
      "scenariosCompleted": 0,
      "requestsCompleted": 0,
      "latency": {
        "min": null,
        "max": null,
        "median": null,
        "p95": null,
        "p99": null
      },
      "rps": {
        "count": 0,
        "mean": null
      },
      "scenarioDuration": {
        "min": null,
        "max": null,
        "median": null,
        "p95": null,
        "p99": null
      },
      "scenarioCounts": {},
      "errors": {},
      "codes": {},
      "matches": 0,
      "latencies": [],
      "customStats": {},
      "counters": {},
      "concurrency": 0,
      "pendingRequests": 0,
      "scenariosAvoided": 0
    },
    {
      "timestamp": "2020-03-26T12:05:20.955Z",
      "scenariosCreated": 9,
      "scenariosCompleted": 6,
      "requestsCompleted": 6,
      "latency": {
        "min": 113.8,
        "max": 4862,
        "median": 131.1,
        "p95": 4862,
        "p99": 4862
      },
      "rps": {
        "count": 9,
        "mean": 1.14
      },
      "scenarioDuration": {
        "min": 121.8,
        "max": 4976.5,
        "median": 138.4,
        "p95": 4976.5,
        "p99": 4976.5
      },
      "scenarioCounts": {
        "0": 9
      },
      "errors": {},
      "codes": {
        "200": 6
      },
      "matches": 0,
      "latencies": [
        4861977277,
        208925236,
        133085221,
        129014968,
        120051441,
        113844924
      ],
      "customStats": {},
      "counters": {},
      "concurrency": 3,
      "pendingRequests": 3,
      "scenariosAvoided": 0
    },
    {
      "timestamp": "2020-03-26T12:05:30.954Z",
      "scenariosCreated": 33,
      "scenariosCompleted": 33,
      "requestsCompleted": 33,
      "latency": {
        "min": 112.8,
        "max": 13404.8,
        "median": 122.6,
        "p95": 5280.9,
        "p99": 13404.8
      },
      "rps": {
        "count": 33,
        "mean": 3.44
      },
      "scenarioDuration": {
        "min": 117.8,
        "max": 13419.6,
        "median": 129.3,
        "p95": 5287.5,
        "p99": 13419.6
      },
      "scenarioCounts": {
        "0": 33
      },
      "errors": {},
      "codes": {
        "200": 33
      },
      "matches": 0,
      "latencies": [
        124937910,
        123784259,
        126812206,
        121386336,
        120781983,
        6156932699,
        116981740,
        261738629,
        122984436,
        125511024,
        122097702,
        119466574,
        121994399,
        122558853,
        129549111,
        113413773,
        118373544,
        123828488,
        127082834,
        122571534,
        125717629,
        122029658,
        122179046,
        119252855,
        124887186,
        13404806177,
        316578179,
        114467524,
        281689984,
        116674306,
        132941093,
        120079277,
        112790245
      ],
      "customStats": {},
      "counters": {},
      "concurrency": 3,
      "pendingRequests": 3,
      "scenariosAvoided": 0
    },
    {
      "timestamp": "2020-03-26T12:05:40.956Z",
      "scenariosCreated": 74,
      "scenariosCompleted": 76,
      "requestsCompleted": 76,
      "latency": {
        "min": 111.7,
        "max": 255.9,
        "median": 121.4,
        "p95": 146.8,
        "p99": 241.8
      },
      "rps": {
        "count": 74,
        "mean": 7.41
      },
      "scenarioDuration": {
        "min": 117.9,
        "max": 261,
        "median": 126.5,
        "p95": 153.2,
        "p99": 246.8
      },
      "scenarioCounts": {
        "0": 74
      },
      "errors": {},
      "codes": {
        "200": 76
      },
      "matches": 0,
      "latencies": [
        133162234,
        112370848,
        124394179,
        115416734,
        118151783,
        123733226,
        118756754,
        115854379,
        115862112,
        117583618,
        121599746,
        115937578,
        119073157,
        120754766,
        118309831,
        111765259,
        122852369,
        112495493,
        115280956,
        120534551,
        112074549,
        121495825,
        122292246,
        122771335,
        115880978,
        118302717,
        116916789,
        123538374,
        120072472,
        132462621,
        121346128,
        121786866,
        126159605,
        123819518,
        123072274,
        139047400,
        117895073,
        150057497,
        201440115,
        119139345,
        122084403,
        126686325,
        117062155,
        111688246,
        120342792,
        118781806,
        125495560,
        122952889,
        195481338,
        122169457,
        137126402,
        117791461,
        122058113,
        118393647,
        120439290,
        120162476,
        124565525,
        124327372,
        129472098,
        132546438,
        131602486,
        122976704,
        125234829,
        126038672,
        120604451,
        119159449,
        120636927,
        133562146,
        255937899,
        122491738,
        118619739,
        133267702,
        122213686,
        114906715,
        115616226,
        115224974
      ],
      "customStats": {},
      "counters": {},
      "concurrency": 1,
      "pendingRequests": 1,
      "scenariosAvoided": 0
    },
    {
      "timestamp": "2020-03-26T12:05:50.955Z",
      "scenariosCreated": 89,
      "scenariosCompleted": 88,
      "requestsCompleted": 88,
      "latency": {
        "min": 113.3,
        "max": 230.7,
        "median": 120.5,
        "p95": 156.9,
        "p99": 229.4
      },
      "rps": {
        "count": 89,
        "mean": 8.92
      },
      "scenarioDuration": {
        "min": 118.2,
        "max": 236.7,
        "median": 126.4,
        "p95": 161.9,
        "p99": 235.3
      },
      "scenarioCounts": {
        "0": 89
      },
      "errors": {},
      "codes": {
        "200": 88
      },
      "matches": 0,
      "latencies": [
        117329691,
        117516811,
        120816624,
        120247531,
        121809444,
        119243576,
        120947453,
        118889440,
        114528454,
        118635822,
        152621509,
        121887076,
        138094788,
        118718093,
        120824356,
        115112393,
        119741532,
        129896134,
        126401469,
        130260787,
        132002088,
        121492732,
        134279698,
        227252201,
        120328256,
        118372617,
        120691362,
        116150060,
        119148005,
        230675420,
        119337600,
        195736193,
        123548890,
        116927614,
        120052060,
        120308152,
        113435115,
        120981476,
        150236266,
        120268562,
        148919001,
        121900375,
        122188014,
        119125737,
        115709012,
        118392411,
        113262840,
        121837281,
        116262023,
        133995151,
        140740452,
        113405732,
        117494233,
        117259173,
        144447908,
        117121230,
        114226278,
        119175842,
        120472384,
        119939788,
        124376240,
        118039511,
        118906450,
        115251882,
        118206837,
        135216537,
        118100132,
        129156932,
        121166740,
        136966189,
        118846448,
        116245012,
        120589605,
        132843356,
        116728741,
        141667703,
        142855685,
        204709308,
        129448592,
        118451176,
        130482856,
        120860543,
        118601490,
        120860852,
        130968751,
        124785430,
        121195504,
        114204937
      ],
      "customStats": {},
      "counters": {},
      "concurrency": 2,
      "pendingRequests": 2,
      "scenariosAvoided": 0
    },
    {
      "timestamp": "2020-03-26T12:06:00.960Z",
      "scenariosCreated": 119,
      "scenariosCompleted": 120,
      "requestsCompleted": 120,
      "latency": {
        "min": 112.7,
        "max": 35132.5,
        "median": 125.5,
        "p95": 217,
        "p99": 10793.7
      },
      "rps": {
        "count": 119,
        "mean": 11.91
      },
      "scenarioDuration": {
        "min": 116.7,
        "max": 35138.5,
        "median": 130.8,
        "p95": 223.4,
        "p99": 10798.8
      },
      "scenarioCounts": {
        "0": 119
      },
      "errors": {},
      "codes": {
        "200": 120
      },
      "matches": 0,
      "latencies": [
        129992633,
        158394093,
        124467480,
        120880647,
        122199149,
        119337601,
        134912505,
        117578051,
        120014326,
        120082370,
        117724654,
        119161306,
        121811609,
        35132453961,
        116609664,
        299749104,
        133167801,
        130363471,
        260206716,
        149334687,
        120997867,
        138216029,
        132532829,
        362756068,
        141620072,
        137790756,
        119393273,
        123349398,
        129699426,
        129301680,
        118652833,
        131440418,
        128523816,
        119780193,
        129226831,
        129358898,
        123379090,
        125967845,
        179223522,
        192368337,
        118048790,
        151959629,
        221348169,
        168910564,
        212714345,
        160802842,
        274817256,
        167562679,
        120664763,
        117239997,
        117600319,
        135570983,
        120720744,
        113970495,
        136376064,
        114000186,
        124905126,
        121931614,
        119379663,
        117885176,
        123557859,
        132950680,
        119359560,
        127682857,
        125176372,
        123395173,
        125280912,
        112658179,
        118956865,
        147245125,
        122776902,
        120545686,
        121920170,
        189621225,
        169937406,
        129425704,
        126144140,
        120904153,
        123951895,
        119945973,
        122401115,
        121283961,
        124740274,
        143745511,
        118795725,
        128222877,
        120722909,
        125135237,
        125478858,
        117552070,
        125527417,
        125748249,
        129109611,
        144842563,
        129575710,
        132612317,
        135843777,
        133666067,
        124850381,
        121764597,
        127687806,
        142652481,
        121967801,
        127307689,
        118148691,
        125506694,
        120783530,
        129504265,
        122262244,
        134052061,
        124833061,
        129269513,
        121337158,
        126894477,
        145152471,
        133275125,
        123701370,
        122843091,
        127318204,
        121941202
      ],
      "customStats": {},
      "counters": {},
      "concurrency": 1,
      "pendingRequests": 1,
      "scenariosAvoided": 0
    },
    {
      "timestamp": "2020-03-26T12:06:10.949Z",
      "scenariosCreated": 135,
      "scenariosCompleted": 134,
      "requestsCompleted": 134,
      "latency": {
        "min": 113,
        "max": 175.5,
        "median": 122,
        "p95": 153.6,
        "p99": 169.6
      },
      "rps": {
        "count": 135,
        "mean": 13.53
      },
      "scenarioDuration": {
        "min": 118,
        "max": 180.3,
        "median": 127.1,
        "p95": 159.1,
        "p99": 175.7
      },
      "scenarioCounts": {
        "0": 135
      },
      "errors": {},
      "codes": {
        "200": 134
      },
      "matches": 0,
      "latencies": [
        146702012,
        128128543,
        122357815,
        118706030,
        123304241,
        125303799,
        124743677,
        118770054,
        120359803,
        124534596,
        126737358,
        127800696,
        120534242,
        154139812,
        121473555,
        162577238,
        121196432,
        126284248,
        122348227,
        121949861,
        116921119,
        152437791,
        118333337,
        136556380,
        116800187,
        115928299,
        129228378,
        121704905,
        122184304,
        116819363,
        142576706,
        137760136,
        120261140,
        118646337,
        121915221,
        128789186,
        121009311,
        116549972,
        168417556,
        123276405,
        116068407,
        126149089,
        121966872,
        118647884,
        123226301,
        115836131,
        121299425,
        122330597,
        121169214,
        117874969,
        131411964,
        123423628,
        123411875,
        123979112,
        121796144,
        118877378,
        122036463,
        115957372,
        119565238,
        118930266,
        119329559,
        122413177,
        122044195,
        124343146,
        119568021,
        131212162,
        138087365,
        125799592,
        118702628,
        123537446,
        175526272,
        115711177,
        123026808,
        120794664,
        121348603,
        121086634,
        127106340,
        136845257,
        120326709,
        114728255,
        121816248,
        121679542,
        135202000,
        153829285,
        120964464,
        117303092,
        152775845,
        121246846,
        124902342,
        141008916,
        117892289,
        116894830,
        119729470,
        118384679,
        125234828,
        125033481,
        123508372,
        137171248,
        119615961,
        117164221,
        116763382,
        121540053,
        122134507,
        117550524,
        121560775,
        166373151,
        125224622,
        120142373,
        120258665,
        117354125,
        124693262,
        121567579,
        122478438,
        130074285,
        127087474,
        117988788,
        120693526,
        124000144,
        131228245,
        161989277,
        126958810,
        115872627,
        127587596,
        120766828,
        133046870,
        123986844,
        141117167,
        116148823,
        113034584,
        122478437,
        114725471,
        120652701,
        121468606,
        117600938
      ],
      "customStats": {},
      "counters": {},
      "concurrency": 2,
      "pendingRequests": 2,
      "scenariosAvoided": 0
    },
    {
      "timestamp": "2020-03-26T12:06:20.950Z",
      "scenariosCreated": 149,
      "scenariosCompleted": 149,
      "requestsCompleted": 149,
      "latency": {
        "min": 113.9,
        "max": 497.4,
        "median": 123.1,
        "p95": 195.6,
        "p99": 389
      },
      "rps": {
        "count": 149,
        "mean": 14.91
      },
      "scenarioDuration": {
        "min": 118.4,
        "max": 503,
        "median": 128.7,
        "p95": 200.5,
        "p99": 393.8
      },
      "scenarioCounts": {
        "0": 149
      },
      "errors": {},
      "codes": {
        "200": 149
      },
      "matches": 0,
      "latencies": [
        125511643,
        120711775,
        155434808,
        116904109,
        126492401,
        121576240,
        119874527,
        141706983,
        125032862,
        116899778,
        118661493,
        183949160,
        122225129,
        126943654,
        132014460,
        118570561,
        118989649,
        144076452,
        120695692,
        128434430,
        119534618,
        135875633,
        120178250,
        126367447,
        114905169,
        125891450,
        120691052,
        126054137,
        122120899,
        119669468,
        121028488,
        120517850,
        127530068,
        114614746,
        122316679,
        133794732,
        120360421,
        127796057,
        126302805,
        131391859,
        129292710,
        120193715,
        133663283,
        132619740,
        143106210,
        163888317,
        335494341,
        136194820,
        126617663,
        128194422,
        135908727,
        133673490,
        133752978,
        497446504,
        123668276,
        201899411,
        125486899,
        230832849,
        199493755,
        284070897,
        195427522,
        171573858,
        125707423,
        134717961,
        134674043,
        125713300,
        121770473,
        118955318,
        121026632,
        387928544,
        123987154,
        121217463,
        122149972,
        136302454,
        135434586,
        114270506,
        120708063,
        118144979,
        121030034,
        118262818,
        120851883,
        120811985,
        118038583,
        124447995,
        121784701,
        122615144,
        118329625,
        122571534,
        141620072,
        123915707,
        122785254,
        137933648,
        113855439,
        124948735,
        121569744,
        122083165,
        116560178,
        132647886,
        119480802,
        117615784,
        119192234,
        128699183,
        121655418,
        116497701,
        117753418,
        132851707,
        133684624,
        123072892,
        124813575,
        124979973,
        119859991,
        114855373,
        128675677,
        121994708,
        119241720,
        116124389,
        114610725,
        122874329,
        133731637,
        118850469,
        139306585,
        121623561,
        116091913,
        134181653,
        127605843,
        118611079,
        119956489,
        117672384,
        119316259,
        138088911,
        121167050,
        116838539,
        120958897,
        116536053,
        128879808,
        127008605,
        120624555,
        127408826,
        127094278,
        122090898,
        122865359,
        116114492,
        120753219,
        133861229,
        126529515,
        139321430,
        124496245,
        129117342,
        116192123
      ],
      "customStats": {},
      "counters": {},
      "concurrency": 2,
      "pendingRequests": 2,
      "scenariosAvoided": 0
    },
    {
      "timestamp": "2020-03-26T12:06:30.951Z",
      "scenariosCreated": 150,
      "scenariosCompleted": 150,
      "requestsCompleted": 150,
      "latency": {
        "min": 114.1,
        "max": 941.4,
        "median": 127.5,
        "p95": 200.7,
        "p99": 422.7
      },
      "rps": {
        "count": 150,
        "mean": 15.02
      },
      "scenarioDuration": {
        "min": 118.8,
        "max": 943.8,
        "median": 132.5,
        "p95": 205.5,
        "p99": 427.4
      },
      "scenarioCounts": {
        "0": 150
      },
      "errors": {},
      "codes": {
        "200": 150
      },
      "matches": 0,
      "latencies": [
        130337800,
        123836839,
        119062332,
        115956754,
        155866268,
        122092754,
        121909035,
        137021552,
        125031625,
        153631031,
        142780218,
        131961571,
        122143168,
        131405777,
        133686171,
        126795195,
        128909500,
        125980835,
        125934441,
        124040661,
        125575356,
        118983773,
        127050978,
        120890853,
        121232309,
        122071103,
        138920282,
        132868409,
        277494159,
        117360311,
        124122004,
        182164558,
        122407920,
        124711819,
        354050799,
        178668656,
        154271261,
        134033813,
        149120039,
        173328459,
        135627274,
        117989716,
        133564929,
        422706013,
        309776897,
        125339987,
        132785210,
        169267175,
        167875371,
        140937161,
        133297085,
        133704109,
        213094153,
        143008783,
        143364157,
        133474926,
        121094676,
        117773522,
        155906785,
        154031871,
        142497218,
        126363736,
        156445259,
        121783154,
        133674727,
        124277886,
        125610615,
        127460787,
        123857561,
        128669492,
        127838739,
        135509744,
        140796124,
        131959097,
        122569060,
        123216713,
        259777114,
        126008362,
        122338329,
        124955849,
        119911952,
        133580703,
        149463352,
        125031316,
        116145420,
        132962123,
        120927350,
        121298188,
        117363404,
        129109301,
        125280603,
        122863813,
        941399796,
        141217067,
        134774252,
        123282591,
        126781587,
        126689418,
        124375312,
        125022964,
        132659329,
        200685758,
        132474065,
        125493086,
        124643157,
        195291434,
        132761394,
        120229592,
        133162234,
        122912990,
        119722048,
        114104108,
        127177168,
        125764332,
        145081334,
        136431118,
        161594933,
        118699535,
        126037744,
        139164311,
        128209268,
        133780813,
        140784681,
        141537492,
        119423273,
        127508417,
        138001382,
        120694146,
        133674109,
        118304573,
        123434762,
        120278769,
        122714116,
        119974428,
        118689020,
        125669071,
        122874947,
        134324236,
        143398489,
        126375489,
        134115156,
        128616912,
        122838452,
        133678439,
        121639334,
        139469271,
        120828687,
        120679609,
        163425310,
        127004275
      ],
      "customStats": {},
      "counters": {},
      "concurrency": 2,
      "pendingRequests": 2,
      "scenariosAvoided": 0
    },
    {
      "timestamp": "2020-03-26T12:06:40.949Z",
      "scenariosCreated": 150,
      "scenariosCompleted": 149,
      "requestsCompleted": 149,
      "latency": {
        "min": 117.6,
        "max": 285.8,
        "median": 132.2,
        "p95": 182.7,
        "p99": 270.4
      },
      "rps": {
        "count": 150,
        "mean": 15.02
      },
      "scenarioDuration": {
        "min": 120.2,
        "max": 291,
        "median": 138.2,
        "p95": 190.1,
        "p99": 275
      },
      "scenarioCounts": {
        "0": 150
      },
      "errors": {},
      "codes": {
        "200": 149
      },
      "matches": 0,
      "latencies": [
        135416956,
        137016604,
        137390225,
        118306428,
        165171560,
        118181785,
        125913410,
        117557328,
        126104242,
        118699227,
        123319087,
        124495935,
        125895162,
        136948869,
        128343809,
        128802176,
        124098188,
        129873865,
        126146305,
        123851375,
        133451730,
        124330774,
        127958434,
        126066509,
        127145930,
        124947807,
        127737601,
        124692334,
        124301701,
        127960908,
        123064852,
        123456103,
        120124124,
        133821640,
        128917851,
        133443378,
        126703645,
        141678838,
        126566011,
        126110737,
        136256369,
        117659085,
        126988502,
        136959076,
        127721208,
        123381873,
        134902917,
        118946349,
        122844018,
        126990667,
        137854160,
        123524765,
        126413222,
        126204452,
        127970806,
        133529979,
        140004651,
        157356426,
        133515134,
        143388591,
        138261185,
        138811721,
        148590227,
        134315267,
        126731481,
        123065779,
        126175379,
        128453916,
        179706324,
        146421487,
        156821664,
        132169414,
        144622348,
        241972229,
        161418329,
        135697173,
        127386557,
        136969591,
        125821551,
        127366144,
        161855045,
        139387000,
        133593075,
        124993583,
        122245233,
        124927085,
        125314316,
        124825638,
        122955672,
        133628953,
        126432089,
        135255817,
        145834455,
        135353243,
        141512130,
        133452039,
        133610395,
        125485353,
        135677997,
        199522519,
        144883698,
        131812803,
        270264820,
        135486547,
        126043621,
        138338508,
        125672164,
        120255263,
        127495427,
        122310493,
        122658135,
        120726311,
        126717254,
        128968574,
        119010681,
        147954945,
        129157550,
        128098233,
        124342837,
        128589694,
        142922182,
        181849392,
        164960315,
        133683078,
        148654868,
        285757454,
        144864212,
        126745400,
        141592236,
        147989276,
        138130046,
        127027163,
        133461627,
        222278204,
        133457915,
        178990317,
        149732124,
        135322623,
        134140518,
        138845434,
        140732101,
        133646273,
        227767479,
        133696377,
        139582471,
        145847444,
        133225639,
        209070293,
        160568710
      ],
      "customStats": {},
      "counters": {},
      "concurrency": 3,
      "pendingRequests": 3,
      "scenariosAvoided": 0
    },
    {
      "timestamp": "2020-03-26T12:06:50.948Z",
      "scenariosCreated": 150,
      "scenariosCompleted": 151,
      "requestsCompleted": 151,
      "latency": {
        "min": 121.3,
        "max": 594,
        "median": 139.5,
        "p95": 211.3,
        "p99": 311.9
      },
      "rps": {
        "count": 150,
        "mean": 15.02
      },
      "scenarioDuration": {
        "min": 124,
        "max": 598.6,
        "median": 144.8,
        "p95": 213.7,
        "p99": 316.7
      },
      "scenarioCounts": {
        "0": 150
      },
      "errors": {},
      "codes": {
        "200": 151
      },
      "matches": 0,
      "latencies": [
        130521209,
        122814945,
        268646307,
        144253365,
        156886924,
        135687585,
        165871483,
        182977372,
        146761087,
        128165349,
        132804695,
        217134096,
        144427186,
        140013002,
        146649433,
        142462577,
        141087166,
        300484286,
        152068190,
        124326753,
        219855846,
        140152492,
        145700223,
        153890835,
        140214659,
        165652197,
        148103095,
        124659549,
        127483983,
        303566049,
        133728235,
        144489972,
        135016735,
        153764953,
        145909612,
        147012539,
        121273754,
        145555785,
        126940871,
        139772684,
        594009242,
        134070927,
        129511687,
        123427648,
        134098145,
        139191220,
        130785961,
        133923705,
        141607082,
        133594621,
        126288888,
        126007744,
        133692048,
        126813134,
        125175135,
        147430699,
        134998178,
        129078682,
        133290280,
        132279831,
        132858821,
        123517033,
        126750966,
        146374475,
        133750813,
        133389562,
        127622236,
        144036862,
        126128366,
        142294324,
        145766720,
        150919487,
        137195682,
        133670088,
        168231054,
        133618128,
        212803730,
        163303140,
        145825176,
        128925893,
        126782824,
        129083321,
        139332875,
        134860854,
        125609688,
        146645721,
        149342729,
        143051466,
        163503869,
        140027849,
        143595505,
        132766034,
        153474531,
        136265029,
        133514825,
        152416760,
        174579845,
        133050271,
        124572948,
        123034850,
        136710406,
        167686086,
        135224888,
        153328236,
        312010897,
        175388019,
        121642737,
        124866464,
        142716195,
        127541821,
        133681222,
        150702366,
        141078197,
        144101814,
        153300091,
        139513809,
        142082151,
        164644221,
        137380328,
        138970078,
        138701923,
        129286834,
        124227780,
        140143213,
        128251950,
        134633526,
        122558234,
        148031958,
        127467282,
        124984612,
        140862622,
        135377986,
        147134709,
        140194865,
        143347146,
        150399572,
        132199106,
        138974717,
        147136874,
        150965881,
        127717497,
        126287960,
        140683543,
        142808672,
        128892489,
        144387597,
        146414063,
        138383664,
        148315577,
        147767206,
        127322844
      ],
      "customStats": {},
      "counters": {},
      "concurrency": 2,
      "pendingRequests": 2,
      "scenariosAvoided": 0
    },
    {
      "timestamp": "2020-03-26T12:07:00.950Z",
      "scenariosCreated": 150,
      "scenariosCompleted": 150,
      "requestsCompleted": 150,
      "latency": {
        "min": 123.4,
        "max": 336.4,
        "median": 150.9,
        "p95": 217.5,
        "p99": 302.2
      },
      "rps": {
        "count": 150,
        "mean": 15.02
      },
      "scenarioDuration": {
        "min": 126.8,
        "max": 340.2,
        "median": 155.6,
        "p95": 223.3,
        "p99": 306.5
      },
      "scenarioCounts": {
        "0": 150
      },
      "errors": {},
      "codes": {
        "200": 150
      },
      "matches": 0,
      "latencies": [
        140786536,
        144208518,
        145937139,
        139578451,
        147491319,
        134039999,
        158462756,
        140574982,
        125048326,
        148515688,
        140197957,
        134125982,
        135896975,
        160976354,
        147809888,
        140373944,
        161133782,
        289914308,
        158063771,
        158954526,
        141851421,
        281033980,
        202917593,
        138960180,
        157503339,
        161176464,
        156840221,
        165427033,
        168355388,
        159710121,
        161179557,
        141607701,
        148996633,
        127138816,
        336373343,
        152218196,
        148822813,
        138393562,
        144662246,
        153337206,
        146812120,
        159148141,
        175985258,
        133476782,
        149232930,
        142704442,
        161807415,
        145326601,
        146942021,
        142158237,
        150739171,
        143713036,
        139271326,
        132193229,
        162969417,
        177771716,
        157123531,
        135183443,
        133671016,
        162332589,
        161872676,
        134588060,
        127915752,
        129422302,
        138308816,
        150247401,
        153323597,
        144932566,
        133559362,
        192126163,
        146904597,
        144260170,
        166688317,
        138652128,
        135226743,
        134621154,
        168651998,
        147687719,
        144366566,
        149873470,
        123350944,
        150157707,
        146477777,
        143439314,
        170947547,
        162069074,
        147780197,
        166896469,
        164308951,
        140095892,
        157726955,
        156676917,
        178427719,
        141067680,
        137056501,
        176084849,
        246325483,
        221639520,
        146476850,
        163838830,
        302162493,
        157274774,
        140181256,
        177158085,
        184051535,
        158493066,
        161839581,
        177923886,
        159192371,
        236257173,
        144335327,
        202396130,
        144584615,
        163178188,
        163152207,
        144930091,
        156464125,
        141938950,
        137437237,
        186265741,
        217500914,
        185691699,
        139199879,
        144843800,
        196424054,
        166857499,
        162649302,
        133666995,
        169728326,
        177571606,
        146735416,
        151003614,
        169190471,
        153370300,
        151414351,
        141343876,
        168702103,
        184219479,
        123662400,
        162604146,
        181462161,
        200112024,
        177180663,
        136060589,
        216878005,
        171807681,
        146515511,
        123450845,
        170599904,
        146688713
      ],
      "customStats": {},
      "counters": {},
      "concurrency": 2,
      "pendingRequests": 2,
      "scenariosAvoided": 0
    },
    {
      "timestamp": "2020-03-26T12:07:10.954Z",
      "scenariosCreated": 150,
      "scenariosCompleted": 150,
      "requestsCompleted": 150,
      "latency": {
        "min": 121.9,
        "max": 823,
        "median": 201.4,
        "p95": 292.5,
        "p99": 510.2
      },
      "rps": {
        "count": 150,
        "mean": 15
      },
      "scenarioDuration": {
        "min": 125.2,
        "max": 827.5,
        "median": 204.9,
        "p95": 296.7,
        "p99": 514.4
      },
      "scenarioCounts": {
        "0": 150
      },
      "errors": {},
      "codes": {
        "200": 150
      },
      "matches": 0,
      "latencies": [
        137888491,
        157301991,
        240015972,
        154702411,
        228042127,
        179277648,
        239231922,
        212004835,
        201430527,
        157660149,
        186335640,
        278007270,
        212775585,
        165723333,
        182121876,
        156886615,
        159762082,
        184990848,
        198677539,
        201281759,
        161212961,
        289116032,
        213662628,
        178913614,
        152452947,
        434731509,
        182399309,
        177553048,
        236789152,
        173751877,
        261997195,
        155860083,
        158996281,
        144678948,
        198767852,
        235882624,
        200394716,
        159008033,
        212200925,
        205757800,
        169697397,
        202151791,
        177053855,
        205437995,
        186464613,
        178587622,
        167317103,
        150980418,
        141377280,
        141091806,
        141646053,
        271372386,
        194783890,
        274015887,
        151044440,
        258320049,
        189775252,
        175020583,
        194902967,
        211441618,
        212742182,
        220977641,
        177512222,
        159075150,
        156611348,
        122925671,
        145434543,
        213849439,
        266845931,
        302433121,
        272227264,
        233593260,
        193910765,
        214092231,
        419868589,
        228716998,
        241353031,
        225367699,
        183988130,
        149305923,
        170610111,
        121922953,
        182018883,
        142799394,
        268564655,
        271094335,
        211557602,
        233077365,
        219254896,
        225224807,
        217085538,
        241104053,
        292462856,
        238698397,
        201771983,
        152727905,
        149372420,
        138277578,
        212683726,
        189661433,
        823038623,
        279301648,
        246601060,
        343913827,
        243711365,
        190850652,
        269679335,
        510219243,
        243819927,
        257797041,
        258865945,
        218525901,
        169260680,
        236428210,
        127922866,
        187452795,
        189488231,
        184198757,
        180048707,
        217068837,
        231725151,
        251531139,
        207766018,
        205580578,
        191376135,
        198574545,
        182372092,
        246074649,
        201876832,
        170293398,
        155407591,
        152852858,
        163778518,
        245606693,
        266817167,
        224517152,
        241327360,
        229422797,
        207378169,
        178003064,
        234811244,
        222651516,
        306432238,
        192269673,
        224790874,
        200131201,
        164638963,
        153662269,
        218385792,
        181784750
      ],
      "customStats": {},
      "counters": {},
      "concurrency": 2,
      "pendingRequests": 2,
      "scenariosAvoided": 0
    },
    {
      "timestamp": "2020-03-26T12:07:20.953Z",
      "scenariosCreated": 150,
      "scenariosCompleted": 140,
      "requestsCompleted": 140,
      "latency": {
        "min": 188.2,
        "max": 1019.5,
        "median": 495.8,
        "p95": 842,
        "p99": 1010.3
      },
      "rps": {
        "count": 150,
        "mean": 15.02
      },
      "scenarioDuration": {
        "min": 192.5,
        "max": 1023.9,
        "median": 500.9,
        "p95": 846.6,
        "p99": 1014.6
      },
      "scenarioCounts": {
        "0": 150
      },
      "errors": {},
      "codes": {
        "200": 140
      },
      "matches": 0,
      "latencies": [
        223298241,
        207436316,
        267678539,
        253435436,
        260189706,
        236203048,
        225131401,
        224246524,
        232326718,
        259532156,
        243306505,
        241778305,
        201144743,
        209258652,
        188246432,
        216778413,
        202983780,
        229489604,
        244063956,
        442151061,
        266872839,
        260031350,
        266937171,
        278457287,
        242841025,
        218116710,
        291431375,
        245982480,
        208586255,
        477813099,
        228827414,
        230505621,
        240289075,
        222197170,
        402732699,
        366389295,
        341897876,
        594877728,
        1009259517,
        359122533,
        335478258,
        376252546,
        351554830,
        342275210,
        753746581,
        314638004,
        296076288,
        570365587,
        305928095,
        438542267,
        302932005,
        309212752,
        304931872,
        375291274,
        281543999,
        348537400,
        405156912,
        472613629,
        630765547,
        498071887,
        480832385,
        748336794,
        434867596,
        383522402,
        678162658,
        636027804,
        739966176,
        807051744,
        684643825,
        564270104,
        632245499,
        542315789,
        501895328,
        1019462367,
        462350466,
        439479416,
        318040501,
        325464074,
        324398262,
        722983384,
        638715223,
        539966423,
        617640528,
        951400680,
        485412657,
        376683696,
        484453550,
        779467737,
        736783275,
        672012122,
        586034206,
        691539440,
        662754769,
        702088386,
        785230115,
        853059835,
        863638781,
        801030182,
        824528782,
        801614430,
        821802392,
        767115941,
        711411308,
        609030209,
        697787093,
        564775174,
        490380160,
        583601333,
        512764080,
        914781701,
        500645797,
        507317177,
        542251146,
        493547597,
        491460819,
        502057705,
        445543351,
        460977838,
        520218891,
        514328776,
        623877356,
        681949911,
        740688986,
        750747399,
        786284174,
        848652765,
        802310024,
        806025521,
        801210498,
        813358472,
        781109448,
        814902138,
        800186131,
        772247986,
        804207207,
        833772525,
        791718395,
        830815715,
        808562935,
        835344335
      ],
      "customStats": {},
      "counters": {},
      "concurrency": 12,
      "pendingRequests": 12,
      "scenariosAvoided": 0
    },
    {
      "timestamp": "2020-03-26T12:07:30.953Z",
      "scenariosCreated": 150,
      "scenariosCompleted": 136,
      "requestsCompleted": 136,
      "latency": {
        "min": 845.7,
        "max": 2163.1,
        "median": 1402.6,
        "p95": 1790.6,
        "p99": 1943.3
      },
      "rps": {
        "count": 150,
        "mean": 15.02
      },
      "scenarioDuration": {
        "min": 849.9,
        "max": 2165.5,
        "median": 1406.7,
        "p95": 1794.9,
        "p99": 1947.4
      },
      "scenarioCounts": {
        "0": 150
      },
      "errors": {},
      "codes": {
        "200": 136
      },
      "matches": 0,
      "latencies": [
        886741799,
        845661314,
        945901200,
        919662602,
        971729987,
        939242809,
        1074906579,
        938548453,
        1022581864,
        1012946561,
        974251937,
        982680701,
        1027869791,
        976593260,
        1028867561,
        969710326,
        1028901582,
        1001462940,
        1037791189,
        1094314202,
        1016602984,
        1259647212,
        1127019739,
        1109518269,
        1107347055,
        1113815850,
        1111248436,
        1091602041,
        1212744038,
        1135999659,
        1102832971,
        1159112883,
        1365137909,
        1198388353,
        1146964909,
        1176039074,
        1277500345,
        1146832842,
        1283585312,
        1176397232,
        1141977611,
        1206687526,
        1173881778,
        1229701158,
        1187210003,
        1257807247,
        1204274447,
        1379909588,
        1250409345,
        1322805419,
        1256829273,
        1262961870,
        1327236613,
        1297511393,
        1377565481,
        1528559817,
        1341268471,
        1402056901,
        1341006504,
        1393428644,
        1367667899,
        1374840020,
        1338069178,
        1743008350,
        1380591573,
        1401072122,
        1380413422,
        1431785833,
        1387377080,
        1403148075,
        1397598488,
        1417640466,
        1460251626,
        1462266340,
        1386423850,
        1452045859,
        1501723053,
        1454908645,
        1435853302,
        1502931139,
        1628051221,
        1537061884,
        1488352766,
        1481675818,
        1460258431,
        1660292205,
        1560113559,
        1496936176,
        1458544655,
        1689567718,
        1516019664,
        1621379531,
        1578972503,
        1553928382,
        1485407400,
        1471259558,
        1541619886,
        1642757330,
        1606468363,
        1550258968,
        1495901601,
        1645407326,
        1684859091,
        1682359720,
        1627943279,
        1564822186,
        1580918554,
        1688055291,
        1761925749,
        1708671000,
        1643326423,
        1632965835,
        1580942678,
        1770018625,
        1762312981,
        1727336019,
        1661310696,
        1631556401,
        1604670770,
        1814523876,
        1768936111,
        1721877056,
        1664705150,
        1611645564,
        1765704033,
        1868493394,
        1764741214,
        1698163809,
        1758981929,
        2163061895,
        1907569991,
        1896924237,
        1799487136,
        1866560642,
        1758843987,
        1692454938
      ],
      "customStats": {},
      "counters": {},
      "concurrency": 26,
      "pendingRequests": 26,
      "scenariosAvoided": 0
    },
    {
      "timestamp": "2020-03-26T12:07:40.953Z",
      "scenariosCreated": 150,
      "scenariosCompleted": 131,
      "requestsCompleted": 131,
      "latency": {
        "min": 1769.4,
        "max": 3024.4,
        "median": 2538.4,
        "p95": 2926.6,
        "p99": 2994.5
      },
      "rps": {
        "count": 150,
        "mean": 15.02
      },
      "scenarioDuration": {
        "min": 1774.9,
        "max": 3028.6,
        "median": 2542.7,
        "p95": 2930.9,
        "p99": 3000.2
      },
      "scenarioCounts": {
        "0": 150
      },
      "errors": {},
      "codes": {
        "200": 131
      },
      "matches": 0,
      "latencies": [
        1870187992,
        1973820168,
        1921156162,
        1854845674,
        1806533684,
        1769446130,
        1918851026,
        1914537052,
        1944670226,
        1897924480,
        1914722316,
        1915304400,
        1951798118,
        1959350974,
        1912786163,
        1957921437,
        1923043139,
        2008690733,
        1972169179,
        1980229580,
        1935115337,
        1950872414,
        2191649238,
        2021525949,
        2029730479,
        2100957128,
        2018350471,
        1977517109,
        2030795054,
        2006324357,
        2055000690,
        2086307619,
        1984679641,
        2053695487,
        2224897578,
        2138318713,
        2127403259,
        2182603131,
        2151496003,
        2116360068,
        2201963434,
        2140658490,
        2195034724,
        2179128261,
        2209718256,
        2158082329,
        2213240448,
        2202691811,
        2158336875,
        2136755872,
        2346940537,
        2299366204,
        2267806585,
        2202801299,
        2275238509,
        2362548844,
        2414912839,
        2366279498,
        2566858860,
        2405776728,
        2381348096,
        2404366986,
        2482414094,
        2403228181,
        2538445336,
        2520070741,
        2441284431,
        2556098669,
        2609450225,
        2676673427,
        2591364197,
        2625823407,
        2612363734,
        2598044856,
        2775962246,
        2710313329,
        2668552406,
        2660460768,
        2615247243,
        2556584253,
        2764415532,
        2800645735,
        2857336384,
        2812532359,
        2697719359,
        2782904565,
        2716507166,
        2649867902,
        2739057174,
        2831536669,
        2875993361,
        2834378732,
        2801347205,
        2792702555,
        2751674031,
        2707868703,
        2717299567,
        2734820831,
        2709977131,
        2651727043,
        2709658563,
        2750683376,
        2816970049,
        2785403317,
        2805823555,
        2782050306,
        2722297380,
        2712224122,
        2786507172,
        2734122145,
        2800283248,
        2987529746,
        2867932033,
        2801507725,
        2771423419,
        2792233363,
        2802859941,
        2838586311,
        2854688554,
        2936391777,
        2926660283,
        2852890344,
        2984835214,
        2924504224,
        2883594157,
        2921089974,
        2941148343,
        3024379766,
        2891313721,
        2958583317,
        2921769484
      ],
      "customStats": {},
      "counters": {},
      "concurrency": 45,
      "pendingRequests": 45,
      "scenariosAvoided": 0
    },
    {
      "timestamp": "2020-03-26T12:07:50.953Z",
      "scenariosCreated": 150,
      "scenariosCompleted": 124,
      "requestsCompleted": 124,
      "latency": {
        "min": 2932.1,
        "max": 3920.3,
        "median": 3413.3,
        "p95": 3681.1,
        "p99": 3893.7
      },
      "rps": {
        "count": 150,
        "mean": 15.02
      },
      "scenarioDuration": {
        "min": 2937.8,
        "max": 3924.4,
        "median": 3417.6,
        "p95": 3689.4,
        "p99": 3897.9
      },
      "scenarioCounts": {
        "0": 150
      },
      "errors": {},
      "codes": {
        "200": 124
      },
      "matches": 0,
      "latencies": [
        3082946876,
        3021669151,
        2965356762,
        3063255015,
        2932145537,
        2957722873,
        3115206417,
        3100761966,
        3047946718,
        3004005302,
        3012435614,
        3136489883,
        3181725367,
        3061812487,
        3128993627,
        3006528798,
        3050827443,
        3203341938,
        3132695515,
        3094037079,
        3038806277,
        3251515056,
        3324095157,
        3273774950,
        3154083831,
        3221092387,
        3112459924,
        3065002193,
        3308453136,
        3262075446,
        3156150814,
        3223877850,
        3113826984,
        3200381726,
        3252752524,
        3319737883,
        3414213535,
        3213714897,
        3214765865,
        3216886974,
        3403048175,
        3335962296,
        3168168887,
        3302110841,
        3354180391,
        3494657637,
        3439145692,
        3314714399,
        3267834730,
        3439346730,
        3360277111,
        3433876941,
        3434221181,
        3394022790,
        3489481364,
        3468829778,
        3519313908,
        3503870452,
        3466393811,
        3412436356,
        3385268961,
        3920296337,
        3506342605,
        3548057444,
        3552868446,
        3507426047,
        3440445946,
        3589435157,
        3576818299,
        3547104213,
        3653533914,
        3606597336,
        3569326682,
        3566660605,
        3683341097,
        3617118756,
        3600680932,
        3600329270,
        3571802547,
        3521515123,
        3647356161,
        3659103913,
        3694741208,
        3674571494,
        3669223566,
        3618970164,
        3705562948,
        3648497439,
        3676463111,
        3615556224,
        3589981362,
        3554081790,
        3679994272,
        3748518347,
        3558904546,
        3633426058,
        3569389777,
        3617495470,
        3577724518,
        3680090771,
        3614004516,
        3571856364,
        3574814411,
        3522455056,
        3537364059,
        3538048208,
        3547012663,
        3493809874,
        3388840949,
        3467113529,
        3360414127,
        3391160932,
        3476422841,
        3425211879,
        3371940737,
        3347621593,
        3326799587,
        3278415224,
        3343310712,
        3287519787,
        3182411062,
        3135355098,
        3267218934,
        3884328721
      ],
      "customStats": {},
      "counters": {},
      "concurrency": 71,
      "pendingRequests": 71,
      "scenariosAvoided": 0
    },
    {
      "timestamp": "2020-03-26T12:08:00.952Z",
      "scenariosCreated": 150,
      "scenariosCompleted": 39,
      "requestsCompleted": 39,
      "latency": {
        "min": 8154.6,
        "max": 10614.8,
        "median": 8837,
        "p95": 10488.9,
        "p99": 10614.8
      },
      "rps": {
        "count": 150,
        "mean": 15.02
      },
      "scenarioDuration": {
        "min": 8158.7,
        "max": 10619,
        "median": 8840.9,
        "p95": 10493,
        "p99": 10619
      },
      "scenarioCounts": {
        "0": 150
      },
      "errors": {},
      "codes": {
        "200": 39
      },
      "matches": 0,
      "latencies": [
        10280405813,
        10614774030,
        10548689322,
        10415842564,
        10351234406,
        10161370698,
        8685033220,
        8838691779,
        8772368918,
        8687015150,
        8789255521,
        8908769107,
        8975868594,
        8843380611,
        8766567570,
        8703467200,
        8837016356,
        8667502987,
        8535016550,
        8606635379,
        8525824767,
        8393076364,
        8326699687,
        8466796197,
        8194017779,
        8277835924,
        8154614882,
        8274268266,
        8226528154,
        8593639641,
        9344993248,
        9385353397,
        8923079327,
        9327536625,
        8952948676,
        9233407378,
        9320945969,
        9263280439,
        9337165742
      ],
      "customStats": {},
      "counters": {},
      "concurrency": 182,
      "pendingRequests": 182,
      "scenariosAvoided": 0
    },
    {
      "timestamp": "2020-03-26T12:08:10.951Z",
      "scenariosCreated": 150,
      "scenariosCompleted": 53,
      "requestsCompleted": 53,
      "latency": {
        "min": 9743.3,
        "max": 18255,
        "median": 17600.5,
        "p95": 17987.8,
        "p99": 18248.9
      },
      "rps": {
        "count": 150,
        "mean": 15.02
      },
      "scenarioDuration": {
        "min": 9747.5,
        "max": 18259.1,
        "median": 17604.6,
        "p95": 17991.9,
        "p99": 18253.1
      },
      "scenarioCounts": {
        "0": 150
      },
      "errors": {},
      "codes": {
        "200": 53
      },
      "matches": 0,
      "latencies": [
        9743286093,
        10050897034,
        10942038789,
        11275883687,
        12064996935,
        17290962800,
        12518800488,
        17842568107,
        17685915933,
        17753402032,
        17647085840,
        13039289388,
        17703512665,
        17649540983,
        17595958387,
        17547570931,
        17950218265,
        17586630208,
        17919856836,
        18054016220,
        17994417320,
        17861565303,
        17804508455,
        17799703948,
        17600460099,
        17832300306,
        17774592712,
        17687918276,
        17897979533,
        17832333709,
        14099433257,
        17785986018,
        17716491702,
        17675691433,
        17609628376,
        17710507254,
        17768649091,
        17718230219,
        14471587095,
        14472076083,
        14411510961,
        16514994677,
        14988622467,
        15362652147,
        17156667947,
        15423974411,
        15538133881,
        16042426824,
        16021803382,
        16436754264,
        17002448029,
        17312928250,
        18254962399
      ],
      "customStats": {},
      "counters": {},
      "concurrency": 279,
      "pendingRequests": 279,
      "scenariosAvoided": 0
    },
    {
      "timestamp": "2020-03-26T12:08:20.951Z",
      "scenariosCreated": 150,
      "scenariosCompleted": 24,
      "requestsCompleted": 24,
      "latency": {
        "min": 18740.3,
        "max": 28866.7,
        "median": 23622.4,
        "p95": 28349.3,
        "p99": 28866.7
      },
      "rps": {
        "count": 150,
        "mean": 15.02
      },
      "scenarioDuration": {
        "min": 18746.3,
        "max": 28870.8,
        "median": 23626.8,
        "p95": 28353.5,
        "p99": 28870.8
      },
      "scenarioCounts": {
        "0": 150
      },
      "errors": {},
      "codes": {
        "200": 24
      },
      "matches": 0,
      "latencies": [
        18740264950,
        18912197275,
        19268727031,
        19381508926,
        19887362234,
        20166152318,
        20675682464,
        21290841250,
        21545841692,
        22563390793,
        22911494878,
        23349632594,
        23895109015,
        26973605830,
        24146151476,
        24310969209,
        27324062681,
        28127607390,
        25448129942,
        28866667966,
        26021797505,
        25955823524,
        26203806491,
        26538695242
      ],
      "customStats": {},
      "counters": {},
      "concurrency": 405,
      "pendingRequests": 405,
      "scenariosAvoided": 0
    },
    {
      "timestamp": "2020-03-26T12:08:30.951Z",
      "scenariosCreated": 150,
      "scenariosCompleted": 20,
      "requestsCompleted": 20,
      "latency": {
        "min": 27185.1,
        "max": 35479.5,
        "median": 31308.6,
        "p95": 35250.3,
        "p99": 35479.5
      },
      "rps": {
        "count": 150,
        "mean": 15.02
      },
      "scenarioDuration": {
        "min": 27189.4,
        "max": 35484.9,
        "median": 31312.8,
        "p95": 35255.2,
        "p99": 35484.9
      },
      "scenarioCounts": {
        "0": 150
      },
      "errors": {
        "ENOTFOUND": 2,
        "ETIMEDOUT": 1
      },
      "codes": {
        "200": 20
      },
      "matches": 0,
      "latencies": [
        27185143946,
        27329198439,
        27826205132,
        28466067510,
        31652283146,
        29334556883,
        29321541971,
        29612361569,
        29827409506,
        30378096532,
        31003620546,
        31613652855,
        32228703699,
        32472512490,
        32762170707,
        32962651405,
        33002179256,
        34426840599,
        35021197793,
        35479469345
      ],
      "customStats": {},
      "counters": {},
      "concurrency": 532,
      "pendingRequests": 535,
      "scenariosAvoided": 0
    },
    {
      "timestamp": "2020-03-26T12:08:40.951Z",
      "scenariosCreated": 150,
      "scenariosCompleted": 6,
      "requestsCompleted": 6,
      "latency": {
        "min": 36660.3,
        "max": 40247,
        "median": 37762.5,
        "p95": 40247,
        "p99": 40247
      },
      "rps": {
        "count": 150,
        "mean": 15.02
      },
      "scenarioDuration": {
        "min": 36664.7,
        "max": 40251.1,
        "median": 37766.7,
        "p95": 40251.1,
        "p99": 40251.1
      },
      "scenarioCounts": {
        "0": 150
      },
      "errors": {
        "ETIMEDOUT": 17,
        "ECONNRESET": 29,
        "ENOTFOUND": 354
      },
      "codes": {
        "200": 6
      },
      "matches": 0,
      "latencies": [
        36660271792,
        36976520886,
        37514076705,
        38010968653,
        40190943749,
        40247024168
      ],
      "customStats": {},
      "counters": {},
      "concurrency": 276,
      "pendingRequests": 679,
      "scenariosAvoided": 0
    },
    {
      "timestamp": "2020-03-26T12:08:50.950Z",
      "scenariosCreated": 150,
      "scenariosCompleted": 0,
      "requestsCompleted": 0,
      "latency": {
        "min": null,
        "max": null,
        "median": null,
        "p95": null,
        "p99": null
      },
      "rps": {
        "count": 150,
        "mean": 15.02
      },
      "scenarioDuration": {
        "min": null,
        "max": null,
        "median": null,
        "p95": null,
        "p99": null
      },
      "scenarioCounts": {
        "0": 150
      },
      "errors": {
        "ENOTFOUND": 150,
        "ECONNRESET": 64
      },
      "codes": {},
      "matches": 0,
      "latencies": [],
      "customStats": {},
      "counters": {},
      "concurrency": 212,
      "pendingRequests": 829,
      "scenariosAvoided": 0
    },
    {
      "timestamp": "2020-03-26T12:09:00.950Z",
      "scenariosCreated": 150,
      "scenariosCompleted": 0,
      "requestsCompleted": 0,
      "latency": {
        "min": null,
        "max": null,
        "median": null,
        "p95": null,
        "p99": null
      },
      "rps": {
        "count": 150,
        "mean": 15.02
      },
      "scenarioDuration": {
        "min": null,
        "max": null,
        "median": null,
        "p95": null,
        "p99": null
      },
      "scenarioCounts": {
        "0": 150
      },
      "errors": {
        "ENOTFOUND": 68,
        "ECONNRESET": 3
      },
      "codes": {},
      "matches": 0,
      "latencies": [],
      "customStats": {},
      "counters": {},
      "concurrency": 291,
      "pendingRequests": 979,
      "scenariosAvoided": 0
    },
    {
      "timestamp": "2020-03-26T12:09:10.951Z",
      "scenariosCreated": 150,
      "scenariosCompleted": 5,
      "requestsCompleted": 5,
      "latency": {
        "min": 67136.2,
        "max": 73274.2,
        "median": 70635.8,
        "p95": 73274.2,
        "p99": 73274.2
      },
      "rps": {
        "count": 150,
        "mean": 15.02
      },
      "scenarioDuration": {
        "min": 67140.3,
        "max": 73278.4,
        "median": 70639.4,
        "p95": 73278.4,
        "p99": 73278.4
      },
      "scenarioCounts": {
        "0": 150
      },
      "errors": {
        "ENOTFOUND": 166
      },
      "codes": {
        "200": 5
      },
      "matches": 0,
      "latencies": [
        67136157397,
        68345065622,
        70635836044,
        72040189731,
        73274180428
      ],
      "customStats": {},
      "counters": {},
      "concurrency": 270,
      "pendingRequests": 1124,
      "scenariosAvoided": 0
    },
    {
      "timestamp": "2020-03-26T12:09:20.949Z",
      "scenariosCreated": 29,
      "scenariosCompleted": 10,
      "requestsCompleted": 10,
      "latency": {
        "min": 74234.6,
        "max": 81741.6,
        "median": 79186.1,
        "p95": 81741.6,
        "p99": 81741.6
      },
      "rps": {
        "count": 29,
        "mean": 2.9
      },
      "scenarioDuration": {
        "min": 74237.1,
        "max": 81746,
        "median": 79189.8,
        "p95": 81746,
        "p99": 81746
      },
      "scenarioCounts": {
        "0": 29
      },
      "errors": {
        "ENOTFOUND": 95
      },
      "codes": {
        "200": 10
      },
      "matches": 0,
      "latencies": [
        74234561647,
        75390453276,
        76715298771,
        79839149837,
        78535666677,
        79198601763,
        79173554860,
        80217036979,
        81103209067,
        81741604793
      ],
      "customStats": {},
      "counters": {},
      "concurrency": 194,
      "pendingRequests": 1143,
      "scenariosAvoided": 0
    },
    {
      "timestamp": "2020-03-26T12:09:30.953Z",
      "scenariosCreated": 0,
      "scenariosCompleted": 28,
      "requestsCompleted": 28,
      "latency": {
        "min": 83199.4,
        "max": 92361.9,
        "median": 87924.2,
        "p95": 91955.2,
        "p99": 92361.9
      },
      "rps": {
        "count": 0,
        "mean": null
      },
      "scenarioDuration": {
        "min": 83203.8,
        "max": 92365.9,
        "median": 87928.3,
        "p95": 91959.4,
        "p99": 92365.9
      },
      "scenarioCounts": {},
      "errors": {},
      "codes": {
        "200": 28
      },
      "matches": 0,
      "latencies": [
        83199429113,
        83697223568,
        83883961903,
        84262377003,
        85019968984,
        85177383866,
        85960340392,
        86745336065,
        86877666620,
        87045589621,
        87392515621,
        87628053695,
        87862333579,
        87796733529,
        89805224460,
        87986045155,
        88388523308,
        88725911122,
        88615694785,
        89161209868,
        92361916037,
        89304687534,
        89268286912,
        89471678645,
        89680832756,
        89690706523,
        91909994204,
        89845819052
      ],
      "customStats": {},
      "counters": {},
      "concurrency": 166,
      "pendingRequests": 1115,
      "scenariosAvoided": 0
    },
    {
      "timestamp": "2020-03-26T12:09:40.972Z",
      "scenariosCreated": 0,
      "scenariosCompleted": 118,
      "requestsCompleted": 118,
      "latency": {
        "min": 81394.9,
        "max": 101226.8,
        "median": 90968.1,
        "p95": 100397.1,
        "p99": 100878.4
      },
      "rps": {
        "count": 0,
        "mean": null
      },
      "scenarioDuration": {
        "min": 81399.2,
        "max": 101231,
        "median": 90972.2,
        "p95": 100401.2,
        "p99": 100888.9
      },
      "scenarioCounts": {},
      "errors": {},
      "codes": {
        "200": 118
      },
      "matches": 0,
      "latencies": [
        90093090343,
        90285591674,
        90219446965,
        91282685588,
        90483425471,
        90790901252,
        90961716113,
        90897065583,
        90859748226,
        91034307349,
        90723622377,
        95590813970,
        95524609877,
        91160695828,
        95731424212,
        90968916069,
        90901641215,
        90933222793,
        93285395276,
        90984860576,
        91020569625,
        95356265314,
        91073284045,
        90967317969,
        91834431621,
        91337699577,
        97408963650,
        91181009671,
        97608762055,
        91210943043,
        91424702478,
        91310126395,
        91199286839,
        92103403300,
        90981021361,
        91181277515,
        90955566195,
        97522871051,
        92406773569,
        91007841732,
        91074866371,
        90820960815,
        90925814067,
        91008297007,
        100344054244,
        90679666734,
        91476525835,
        91642352161,
        90709678357,
        100432398536,
        90561687225,
        91486283927,
        90488249154,
        90408271769,
        100526717997,
        97725275841,
        91014451874,
        95281352858,
        100714362860,
        95091294297,
        95237976515,
        95041971858,
        98109256301,
        94488065126,
        96656156073,
        92475032275,
        99608147806,
        92367925228,
        84791913866,
        92139228644,
        84414786031,
        84549932668,
        92089076071,
        93556195476,
        95490081696,
        83966683616,
        100627961836,
        84500701469,
        83573732515,
        91641027473,
        83313486828,
        83247139225,
        84924385148,
        83191502944,
        83859048612,
        97192083790,
        82993739666,
        83660863153,
        84062906136,
        82870795747,
        82542673946,
        82506244560,
        82309019137,
        82841263214,
        82655399859,
        82389615720,
        81721933345,
        82126949221,
        81660748098,
        82792615026,
        84461497445,
        81394896224,
        100528699307,
        82462683263,
        81929726582,
        81596771510,
        82272407580,
        81872900154,
        83473278911,
        81806953700,
        82210626949,
        84222080568,
        95891184129,
        101226826310,
        96894078152,
        84404572664,
        83271558270,
        84938416078
      ],
      "customStats": {},
      "counters": {},
      "concurrency": 48,
      "pendingRequests": 997,
      "scenariosAvoided": 0
    },
    {
      "timestamp": "2020-03-26T12:09:50.968Z",
      "scenariosCreated": 0,
      "scenariosCompleted": 5,
      "requestsCompleted": 5,
      "latency": {
        "min": 101757.2,
        "max": 108368.9,
        "median": 104074,
        "p95": 108368.9,
        "p99": 108368.9
      },
      "rps": {
        "count": 0,
        "mean": null
      },
      "scenarioDuration": {
        "min": 101761.3,
        "max": 108373.1,
        "median": 104078.2,
        "p95": 108373.1,
        "p99": 108373.1
      },
      "scenarioCounts": {},
      "errors": {},
      "codes": {
        "200": 5
      },
      "matches": 0,
      "latencies": [
        101757227947,
        107822508501,
        102649633461,
        108368936607,
        104073974071
      ],
      "customStats": {},
      "counters": {},
      "concurrency": 43,
      "pendingRequests": 992,
      "scenariosAvoided": 0
    },
    {
      "timestamp": "2020-03-26T12:10:00.969Z",
      "scenariosCreated": 0,
      "scenariosCompleted": 7,
      "requestsCompleted": 7,
      "latency": {
        "min": 100172.2,
        "max": 121392.5,
        "median": 115507.8,
        "p95": 121392.5,
        "p99": 121392.5
      },
      "rps": {
        "count": 0,
        "mean": null
      },
      "scenarioDuration": {
        "min": 100176.4,
        "max": 121396.9,
        "median": 115512.2,
        "p95": 121396.9,
        "p99": 121396.9
      },
      "scenarioCounts": {},
      "errors": {},
      "codes": {
        "200": 7
      },
      "matches": 0,
      "latencies": [
        114186069341,
        100172162746,
        100710420653,
        116426483059,
        117383533537,
        115507819773,
        121392457164
      ],
      "customStats": {},
      "counters": {},
      "concurrency": 36,
      "pendingRequests": 985,
      "scenariosAvoided": 0
    },
    {
      "timestamp": "2020-03-26T12:10:10.979Z",
      "scenariosCreated": 0,
      "scenariosCompleted": 5,
      "requestsCompleted": 5,
      "latency": {
        "min": 114917.8,
        "max": 126131.8,
        "median": 121897.3,
        "p95": 126131.8,
        "p99": 126131.8
      },
      "rps": {
        "count": 0,
        "mean": null
      },
      "scenarioDuration": {
        "min": 114922.2,
        "max": 126136,
        "median": 121899.7,
        "p95": 126136,
        "p99": 126136
      },
      "scenarioCounts": {},
      "errors": {},
      "codes": {
        "200": 5
      },
      "matches": 0,
      "latencies": [
        114917755831,
        115615662928,
        121897325695,
        124570141042,
        126131785895
      ],
      "customStats": {},
      "counters": {},
      "concurrency": 31,
      "pendingRequests": 980,
      "scenariosAvoided": 0
    },
    {
      "timestamp": "2020-03-26T12:10:20.994Z",
      "scenariosCreated": 0,
      "scenariosCompleted": 1,
      "requestsCompleted": 1,
      "latency": {
        "min": 140751.2,
        "max": 140751.2,
        "median": 140751.2,
        "p95": 140751.2,
        "p99": 140751.2
      },
      "rps": {
        "count": 0,
        "mean": null
      },
      "scenarioDuration": {
        "min": 140755.5,
        "max": 140755.5,
        "median": 140755.5,
        "p95": 140755.5,
        "p99": 140755.5
      },
      "scenarioCounts": {},
      "errors": {
        "ESOCKETTIMEDOUT": 8
      },
      "codes": {
        "200": 1
      },
      "matches": 0,
      "latencies": [
        140751168342
      ],
      "customStats": {},
      "counters": {},
      "concurrency": 22,
      "pendingRequests": 979,
      "scenariosAvoided": 0
    },
    {
      "timestamp": "2020-03-26T12:10:30.993Z",
      "scenariosCreated": 0,
      "scenariosCompleted": 0,
      "requestsCompleted": 0,
      "latency": {
        "min": null,
        "max": null,
        "median": null,
        "p95": null,
        "p99": null
      },
      "rps": {
        "count": 0,
        "mean": null
      },
      "scenarioDuration": {
        "min": null,
        "max": null,
        "median": null,
        "p95": null,
        "p99": null
      },
      "scenarioCounts": {},
      "errors": {},
      "codes": {},
      "matches": 0,
      "latencies": [],
      "customStats": {},
      "counters": {},
      "concurrency": 22,
      "pendingRequests": 979,
      "scenariosAvoided": 0
    },
    {
      "timestamp": "2020-03-26T12:10:41.007Z",
      "scenariosCreated": 0,
      "scenariosCompleted": 0,
      "requestsCompleted": 0,
      "latency": {
        "min": null,
        "max": null,
        "median": null,
        "p95": null,
        "p99": null
      },
      "rps": {
        "count": 0,
        "mean": null
      },
      "scenarioDuration": {
        "min": null,
        "max": null,
        "median": null,
        "p95": null,
        "p99": null
      },
      "scenarioCounts": {},
      "errors": {},
      "codes": {},
      "matches": 0,
      "latencies": [],
      "customStats": {},
      "counters": {},
      "concurrency": 22,
      "pendingRequests": 979,
      "scenariosAvoided": 0
    },
    {
      "timestamp": "2020-03-26T12:10:51.017Z",
      "scenariosCreated": 0,
      "scenariosCompleted": 0,
      "requestsCompleted": 0,
      "latency": {
        "min": null,
        "max": null,
        "median": null,
        "p95": null,
        "p99": null
      },
      "rps": {
        "count": 0,
        "mean": null
      },
      "scenarioDuration": {
        "min": null,
        "max": null,
        "median": null,
        "p95": null,
        "p99": null
      },
      "scenarioCounts": {},
      "errors": {
        "ESOCKETTIMEDOUT": 1
      },
      "codes": {},
      "matches": 0,
      "latencies": [],
      "customStats": {},
      "counters": {},
      "concurrency": 21,
      "pendingRequests": 979,
      "scenariosAvoided": 0
    },
    {
      "timestamp": "2020-03-26T12:11:01.027Z",
      "scenariosCreated": 0,
      "scenariosCompleted": 0,
      "requestsCompleted": 0,
      "latency": {
        "min": null,
        "max": null,
        "median": null,
        "p95": null,
        "p99": null
      },
      "rps": {
        "count": 0,
        "mean": null
      },
      "scenarioDuration": {
        "min": null,
        "max": null,
        "median": null,
        "p95": null,
        "p99": null
      },
      "scenarioCounts": {},
      "errors": {},
      "codes": {},
      "matches": 0,
      "latencies": [],
      "customStats": {},
      "counters": {},
      "concurrency": 21,
      "pendingRequests": 979,
      "scenariosAvoided": 0
    },
    {
      "timestamp": "2020-03-26T12:11:11.027Z",
      "scenariosCreated": 0,
      "scenariosCompleted": 0,
      "requestsCompleted": 0,
      "latency": {
        "min": null,
        "max": null,
        "median": null,
        "p95": null,
        "p99": null
      },
      "rps": {
        "count": 0,
        "mean": null
      },
      "scenarioDuration": {
        "min": null,
        "max": null,
        "median": null,
        "p95": null,
        "p99": null
      },
      "scenarioCounts": {},
      "errors": {
        "ESOCKETTIMEDOUT": 1
      },
      "codes": {},
      "matches": 0,
      "latencies": [],
      "customStats": {},
      "counters": {},
      "concurrency": 20,
      "pendingRequests": 979,
      "scenariosAvoided": 0
    },
    {
      "timestamp": "2020-03-26T12:11:21.032Z",
      "scenariosCreated": 0,
      "scenariosCompleted": 0,
      "requestsCompleted": 0,
      "latency": {
        "min": null,
        "max": null,
        "median": null,
        "p95": null,
        "p99": null
      },
      "rps": {
        "count": 0,
        "mean": null
      },
      "scenarioDuration": {
        "min": null,
        "max": null,
        "median": null,
        "p95": null,
        "p99": null
      },
      "scenarioCounts": {},
      "errors": {},
      "codes": {},
      "matches": 0,
      "latencies": [],
      "customStats": {},
      "counters": {},
      "concurrency": 20,
      "pendingRequests": 979,
      "scenariosAvoided": 0
    },
    {
      "timestamp": "2020-03-26T12:11:31.033Z",
      "scenariosCreated": 0,
      "scenariosCompleted": 0,
      "requestsCompleted": 0,
      "latency": {
        "min": null,
        "max": null,
        "median": null,
        "p95": null,
        "p99": null
      },
      "rps": {
        "count": 0,
        "mean": null
      },
      "scenarioDuration": {
        "min": null,
        "max": null,
        "median": null,
        "p95": null,
        "p99": null
      },
      "scenarioCounts": {},
      "errors": {},
      "codes": {},
      "matches": 0,
      "latencies": [],
      "customStats": {},
      "counters": {},
      "concurrency": 20,
      "pendingRequests": 979,
      "scenariosAvoided": 0
    },
    {
      "timestamp": "2020-03-26T12:11:41.038Z",
      "scenariosCreated": 0,
      "scenariosCompleted": 0,
      "requestsCompleted": 0,
      "latency": {
        "min": null,
        "max": null,
        "median": null,
        "p95": null,
        "p99": null
      },
      "rps": {
        "count": 0,
        "mean": null
      },
      "scenarioDuration": {
        "min": null,
        "max": null,
        "median": null,
        "p95": null,
        "p99": null
      },
      "scenarioCounts": {},
      "errors": {
        "ECONNRESET": 1
      },
      "codes": {},
      "matches": 0,
      "latencies": [],
      "customStats": {},
      "counters": {},
      "concurrency": 19,
      "pendingRequests": 979,
      "scenariosAvoided": 0
    },
    {
      "timestamp": "2020-03-26T12:11:51.043Z",
      "scenariosCreated": 0,
      "scenariosCompleted": 0,
      "requestsCompleted": 0,
      "latency": {
        "min": null,
        "max": null,
        "median": null,
        "p95": null,
        "p99": null
      },
      "rps": {
        "count": 0,
        "mean": null
      },
      "scenarioDuration": {
        "min": null,
        "max": null,
        "median": null,
        "p95": null,
        "p99": null
      },
      "scenarioCounts": {},
      "errors": {
        "ECONNRESET": 1
      },
      "codes": {},
      "matches": 0,
      "latencies": [],
      "customStats": {},
      "counters": {},
      "concurrency": 18,
      "pendingRequests": 979,
      "scenariosAvoided": 0
    },
    {
      "timestamp": "2020-03-26T12:12:01.055Z",
      "scenariosCreated": 0,
      "scenariosCompleted": 0,
      "requestsCompleted": 0,
      "latency": {
        "min": null,
        "max": null,
        "median": null,
        "p95": null,
        "p99": null
      },
      "rps": {
        "count": 0,
        "mean": null
      },
      "scenarioDuration": {
        "min": null,
        "max": null,
        "median": null,
        "p95": null,
        "p99": null
      },
      "scenarioCounts": {},
      "errors": {},
      "codes": {},
      "matches": 0,
      "latencies": [],
      "customStats": {},
      "counters": {},
      "concurrency": 18,
      "pendingRequests": 979,
      "scenariosAvoided": 0
    },
    {
      "timestamp": "2020-03-26T12:12:11.055Z",
      "scenariosCreated": 0,
      "scenariosCompleted": 0,
      "requestsCompleted": 0,
      "latency": {
        "min": null,
        "max": null,
        "median": null,
        "p95": null,
        "p99": null
      },
      "rps": {
        "count": 0,
        "mean": null
      },
      "scenarioDuration": {
        "min": null,
        "max": null,
        "median": null,
        "p95": null,
        "p99": null
      },
      "scenarioCounts": {},
      "errors": {},
      "codes": {},
      "matches": 0,
      "latencies": [],
      "customStats": {},
      "counters": {},
      "concurrency": 18,
      "pendingRequests": 979,
      "scenariosAvoided": 0
    },
    {
      "timestamp": "2020-03-26T12:12:21.063Z",
      "scenariosCreated": 0,
      "scenariosCompleted": 0,
      "requestsCompleted": 0,
      "latency": {
        "min": null,
        "max": null,
        "median": null,
        "p95": null,
        "p99": null
      },
      "rps": {
        "count": 0,
        "mean": null
      },
      "scenarioDuration": {
        "min": null,
        "max": null,
        "median": null,
        "p95": null,
        "p99": null
      },
      "scenarioCounts": {},
      "errors": {
        "ESOCKETTIMEDOUT": 17
      },
      "codes": {},
      "matches": 0,
      "latencies": [],
      "customStats": {},
      "counters": {},
      "concurrency": 1,
      "pendingRequests": 979,
      "scenariosAvoided": 0
    },
    {
      "timestamp": "2020-03-26T12:12:31.063Z",
      "scenariosCreated": 0,
      "scenariosCompleted": 0,
      "requestsCompleted": 0,
      "latency": {
        "min": null,
        "max": null,
        "median": null,
        "p95": null,
        "p99": null
      },
      "rps": {
        "count": 0,
        "mean": null
      },
      "scenarioDuration": {
        "min": null,
        "max": null,
        "median": null,
        "p95": null,
        "p99": null
      },
      "scenarioCounts": {},
      "errors": {},
      "codes": {},
      "matches": 0,
      "latencies": [],
      "customStats": {},
      "counters": {},
      "concurrency": 1,
      "pendingRequests": 979,
      "scenariosAvoided": 0
    },
    {
      "timestamp": "2020-03-26T12:12:37.948Z",
      "scenariosCreated": 0,
      "scenariosCompleted": 0,
      "requestsCompleted": 0,
      "latency": {
        "min": null,
        "max": null,
        "median": null,
        "p95": null,
        "p99": null
      },
      "rps": {
        "count": 0,
        "mean": null
      },
      "scenarioDuration": {
        "min": null,
        "max": null,
        "median": null,
        "p95": null,
        "p99": null
      },
      "scenarioCounts": {},
      "errors": {
        "ESOCKETTIMEDOUT": 1
      },
      "codes": {},
      "matches": 0,
      "latencies": [],
      "customStats": {},
      "counters": {},
      "concurrency": 0,
      "pendingRequests": 979,
      "scenariosAvoided": 0
    }
  ]
}