{
  "aggregate": {
    "timestamp": "2020-03-26T11:57:52.584Z",
    "scenariosCreated": 6378,
    "scenariosCompleted": 2935,
    "requestsCompleted": 2935,
    "latency": {
      "min": 104.9,
      "max": 32028.8,
      "median": 254.7,
      "p95": 14232.3,
      "p99": 18630.8
    },
    "rps": {
      "count": 6378,
      "mean": 24.51
    },
    "scenarioDuration": {
      "min": 108.4,
      "max": 32033,
      "median": 259.2,
      "p95": 14234.5,
      "p99": 18634.4
    },
    "scenarioCounts": {
      "0": 6378
    },
    "errors": {
      "ENOTFOUND": 3443
    },
    "codes": {
      "200": 2935
    },
    "matches": 0,
    "customStats": {},
    "counters": {},
    "scenariosAvoided": 0,
    "phases": [
      {
        "duration": 60,
        "arrivalRate": 0,
        "name": "p0"
      },
      {
        "duration": 60,
        "arrivalRate": 0.5,
        "rampTo": 30,
        "name": "p1"
      },
      {
        "duration": 180,
        "arrivalRate": 30,
        "name": "p2"
      }
    ]
  },
  "intermediate": [
    {
      "timestamp": "2020-03-26T11:52:41.889Z",
      "scenariosCreated": 0,
      "scenariosCompleted": 0,
      "requestsCompleted": 0,
      "latency": {
        "min": null,
        "max": null,
        "median": null,
        "p95": null,
        "p99": null
      },
      "rps": {
        "count": 0,
        "mean": null
      },
      "scenarioDuration": {
        "min": null,
        "max": null,
        "median": null,
        "p95": null,
        "p99": null
      },
      "scenarioCounts": {},
      "errors": {},
      "codes": {},
      "matches": 0,
      "latencies": [],
      "customStats": {},
      "counters": {},
      "concurrency": 0,
      "pendingRequests": 0,
      "scenariosAvoided": 0
    },
    {
      "timestamp": "2020-03-26T11:52:51.885Z",
      "scenariosCreated": 0,
      "scenariosCompleted": 0,
      "requestsCompleted": 0,
      "latency": {
        "min": null,
        "max": null,
        "median": null,
        "p95": null,
        "p99": null
      },
      "rps": {
        "count": 0,
        "mean": null
      },
      "scenarioDuration": {
        "min": null,
        "max": null,
        "median": null,
        "p95": null,
        "p99": null
      },
      "scenarioCounts": {},
      "errors": {},
      "codes": {},
      "matches": 0,
      "latencies": [],
      "customStats": {},
      "counters": {},
      "concurrency": 0,
      "pendingRequests": 0,
      "scenariosAvoided": 0
    },
    {
      "timestamp": "2020-03-26T11:53:01.889Z",
      "scenariosCreated": 0,
      "scenariosCompleted": 0,
      "requestsCompleted": 0,
      "latency": {
        "min": null,
        "max": null,
        "median": null,
        "p95": null,
        "p99": null
      },
      "rps": {
        "count": 0,
        "mean": null
      },
      "scenarioDuration": {
        "min": null,
        "max": null,
        "median": null,
        "p95": null,
        "p99": null
      },
      "scenarioCounts": {},
      "errors": {},
      "codes": {},
      "matches": 0,
      "latencies": [],
      "customStats": {},
      "counters": {},
      "concurrency": 0,
      "pendingRequests": 0,
      "scenariosAvoided": 0
    },
    {
      "timestamp": "2020-03-26T11:53:11.892Z",
      "scenariosCreated": 0,
      "scenariosCompleted": 0,
      "requestsCompleted": 0,
      "latency": {
        "min": null,
        "max": null,
        "median": null,
        "p95": null,
        "p99": null
      },
      "rps": {
        "count": 0,
        "mean": null
      },
      "scenarioDuration": {
        "min": null,
        "max": null,
        "median": null,
        "p95": null,
        "p99": null
      },
      "scenarioCounts": {},
      "errors": {},
      "codes": {},
      "matches": 0,
      "latencies": [],
      "customStats": {},
      "counters": {},
      "concurrency": 0,
      "pendingRequests": 0,
      "scenariosAvoided": 0
    },
    {
      "timestamp": "2020-03-26T11:53:21.897Z",
      "scenariosCreated": 0,
      "scenariosCompleted": 0,
      "requestsCompleted": 0,
      "latency": {
        "min": null,
        "max": null,
        "median": null,
        "p95": null,
        "p99": null
      },
      "rps": {
        "count": 0,
        "mean": null
      },
      "scenarioDuration": {
        "min": null,
        "max": null,
        "median": null,
        "p95": null,
        "p99": null
      },
      "scenarioCounts": {},
      "errors": {},
      "codes": {},
      "matches": 0,
      "latencies": [],
      "customStats": {},
      "counters": {},
      "concurrency": 0,
      "pendingRequests": 0,
      "scenariosAvoided": 0
    },
    {
      "timestamp": "2020-03-26T11:53:31.910Z",
      "scenariosCreated": 0,
      "scenariosCompleted": 0,
      "requestsCompleted": 0,
      "latency": {
        "min": null,
        "max": null,
        "median": null,
        "p95": null,
        "p99": null
      },
      "rps": {
        "count": 0,
        "mean": null
      },
      "scenarioDuration": {
        "min": null,
        "max": null,
        "median": null,
        "p95": null,
        "p99": null
      },
      "scenarioCounts": {},
      "errors": {},
      "codes": {},
      "matches": 0,
      "latencies": [],
      "customStats": {},
      "counters": {},
      "concurrency": 0,
      "pendingRequests": 0,
      "scenariosAvoided": 0
    },
    {
      "timestamp": "2020-03-26T11:53:41.927Z",
      "scenariosCreated": 22,
      "scenariosCompleted": 21,
      "requestsCompleted": 21,
      "latency": {
        "min": 105.5,
        "max": 319.6,
        "median": 114.6,
        "p95": 294.9,
        "p99": 319.6
      },
      "rps": {
        "count": 22,
        "mean": 2.29
      },
      "scenarioDuration": {
        "min": 110.5,
        "max": 341,
        "median": 121,
        "p95": 332,
        "p99": 341
      },
      "scenarioCounts": {
        "0": 22
      },
      "errors": {},
      "codes": {
        "200": 21
      },
      "matches": 0,
      "latencies": [
        227207973,
        114608560,
        116866684,
        116327283,
        123821374,
        120194024,
        122999901,
        123295273,
        115878813,
        319569011,
        112958808,
        274748594,
        108196674,
        106596408,
        105473996,
        108599988,
        108461735,
        105786378,
        110161283,
        107207874,
        108501633
      ],
      "customStats": {},
      "counters": {},
      "concurrency": 1,
      "pendingRequests": 1,
      "scenariosAvoided": 0
    },
    {
      "timestamp": "2020-03-26T11:53:51.929Z",
      "scenariosCreated": 91,
      "scenariosCompleted": 92,
      "requestsCompleted": 92,
      "latency": {
        "min": 105.6,
        "max": 684.1,
        "median": 109.3,
        "p95": 150.3,
        "p99": 539.9
      },
      "rps": {
        "count": 91,
        "mean": 9.19
      },
      "scenarioDuration": {
        "min": 110,
        "max": 690,
        "median": 115.3,
        "p95": 155.5,
        "p99": 546.1
      },
      "scenarioCounts": {
        "0": 91
      },
      "errors": {},
      "codes": {
        "200": 92
      },
      "matches": 0,
      "latencies": [
        108143476,
        111953926,
        106348358,
        107445408,
        111468959,
        136308639,
        110901412,
        112589825,
        112371776,
        122989075,
        135839447,
        110691405,
        109888488,
        105589361,
        107485307,
        111596077,
        107116943,
        112220534,
        107737378,
        108964640,
        109307642,
        109552910,
        107822742,
        149208806,
        107016733,
        108429568,
        109259393,
        111278437,
        113131392,
        150454006,
        108244613,
        107441697,
        109698585,
        108478745,
        108782469,
        108763292,
        340721029,
        110518203,
        107794906,
        111393184,
        112161768,
        119561217,
        107845012,
        114379067,
        106164949,
        105727613,
        107882126,
        108767004,
        108483076,
        108186157,
        106607234,
        108612668,
        108079144,
        107846867,
        106617440,
        110464077,
        107896663,
        114418965,
        108221107,
        111112657,
        112509720,
        684069164,
        113109124,
        116027891,
        110382424,
        123763228,
        113766055,
        108236263,
        119020579,
        106489394,
        286322836,
        108753395,
        135452525,
        138806464,
        111308129,
        109759824,
        113336451,
        107952025,
        108738858,
        107847176,
        107329425,
        117137932,
        280995319,
        140813754,
        106360111,
        109220732,
        107600363,
        108141311,
        108601225,
        108391836,
        110693880,
        107139521
      ],
      "customStats": {},
      "counters": {},
      "concurrency": 0,
      "pendingRequests": 0,
      "scenariosAvoided": 0
    },
    {
      "timestamp": "2020-03-26T11:54:01.945Z",
      "scenariosCreated": 123,
      "scenariosCompleted": 123,
      "requestsCompleted": 123,
      "latency": {
        "min": 105.7,
        "max": 311.7,
        "median": 110.7,
        "p95": 151.8,
        "p99": 204.7
      },
      "rps": {
        "count": 123,
        "mean": 12.35
      },
      "scenarioDuration": {
        "min": 108.5,
        "max": 316.5,
        "median": 116.7,
        "p95": 155.8,
        "p99": 211
      },
      "scenarioCounts": {
        "0": 123
      },
      "errors": {},
      "codes": {
        "200": 123
      },
      "matches": 0,
      "latencies": [
        115706229,
        106506405,
        105731016,
        111563911,
        107536030,
        108558233,
        112468584,
        112704263,
        111389472,
        108029038,
        110262110,
        109363315,
        107320456,
        108345133,
        114006063,
        116000364,
        114581652,
        117376394,
        114669799,
        113702341,
        113773168,
        154917985,
        106948689,
        108746900,
        108218014,
        110387063,
        110332011,
        108832573,
        107000960,
        108026255,
        122746902,
        109839931,
        117195769,
        106909719,
        107989759,
        111421328,
        311724186,
        125236375,
        123228466,
        109924984,
        110019318,
        111350811,
        110456035,
        112031557,
        108955670,
        124605114,
        111969700,
        107383551,
        111731546,
        117372682,
        110488820,
        106725692,
        107992852,
        109402595,
        106322378,
        157535814,
        147132853,
        106068141,
        111098740,
        107636860,
        113169435,
        110810172,
        109061138,
        140349510,
        109754566,
        109354654,
        118051573,
        108658752,
        109368264,
        110495934,
        108873709,
        107692222,
        165174343,
        110579751,
        119010990,
        107316435,
        106812911,
        113577388,
        110932960,
        106530840,
        111521848,
        108447199,
        108207808,
        110737179,
        157023630,
        153933517,
        137928699,
        126641478,
        115805821,
        114967955,
        110192521,
        113055306,
        111375863,
        110880999,
        115895824,
        108253583,
        106637853,
        128641965,
        150619476,
        134621773,
        110960487,
        109725493,
        109275167,
        123420534,
        122188634,
        107514999,
        115596431,
        107578403,
        108836285,
        112642714,
        110330155,
        112175378,
        130251508,
        114569898,
        109875808,
        116924522,
        112273422,
        113209951,
        110735634,
        107191791,
        109681574,
        108679784,
        109409399
      ],
      "customStats": {},
      "counters": {},
      "concurrency": 0,
      "pendingRequests": 0,
      "scenariosAvoided": 0
    },
    {
      "timestamp": "2020-03-26T11:54:11.945Z",
      "scenariosCreated": 174,
      "scenariosCompleted": 171,
      "requestsCompleted": 171,
      "latency": {
        "min": 106.6,
        "max": 665.2,
        "median": 111.8,
        "p95": 166.2,
        "p99": 387.1
      },
      "rps": {
        "count": 174,
        "mean": 17.47
      },
      "scenarioDuration": {
        "min": 111.6,
        "max": 669.8,
        "median": 117.6,
        "p95": 173,
        "p99": 391.8
      },
      "scenarioCounts": {
        "0": 174
      },
      "errors": {},
      "codes": {
        "200": 171
      },
      "matches": 0,
      "latencies": [
        108591637,
        110962962,
        152967605,
        136651023,
        111936606,
        114002043,
        111909697,
        117042670,
        116688534,
        115104042,
        128175555,
        124877289,
        116604097,
        112142593,
        117923218,
        112483120,
        112676736,
        145896313,
        119428841,
        111331635,
        122689373,
        107610570,
        110509543,
        118299624,
        110576658,
        111751032,
        342822962,
        108419053,
        108149043,
        119344405,
        116831734,
        118927173,
        113990909,
        116699359,
        107976459,
        109743741,
        107159625,
        116378626,
        113623472,
        114274527,
        121792123,
        114006064,
        112934684,
        331404603,
        137067326,
        166778630,
        116601623,
        109316612,
        136940518,
        141242120,
        124681199,
        109280116,
        107332209,
        121186844,
        118211167,
        112855196,
        110077155,
        111739897,
        108364309,
        107295403,
        111288025,
        665245480,
        107497370,
        112544051,
        182530139,
        113547078,
        108131104,
        112064342,
        108617308,
        120936628,
        115076206,
        111615253,
        118823251,
        121437677,
        116462443,
        108711022,
        108614215,
        112408891,
        108809995,
        108204715,
        155851113,
        148968487,
        143428180,
        132272099,
        109647861,
        108599678,
        110166231,
        111888356,
        109186401,
        107652015,
        113211807,
        114025239,
        111948977,
        391096600,
        109869932,
        107768617,
        108297811,
        111178536,
        116142637,
        108908041,
        107686655,
        107719439,
        108417197,
        108346989,
        108915154,
        106915286,
        111176062,
        109720853,
        112613641,
        106579398,
        108735147,
        111614944,
        108411320,
        112510338,
        114144316,
        244550160,
        111895160,
        117546503,
        108955052,
        109493526,
        112218369,
        109550126,
        109089284,
        110315617,
        108983507,
        108603080,
        107678923,
        108826697,
        111370296,
        107823670,
        111847530,
        263419619,
        109575488,
        115243532,
        113522643,
        111500198,
        107528299,
        113839666,
        107757791,
        115157240,
        112800761,
        113875234,
        111097812,
        110437168,
        107282414,
        110813575,
        108782778,
        108883916,
        111828353,
        117101126,
        107205400,
        115986446,
        107934086,
        112957262,
        113324388,
        111621130,
        113097061,
        108742570,
        371971666,
        108399877,
        110046227,
        116575024,
        109500949,
        110442736,
        109139389,
        110189737,
        111251528,
        109924985,
        110066639,
        110773676,
        112720036
      ],
      "customStats": {},
      "counters": {},
      "concurrency": 3,
      "pendingRequests": 3,
      "scenariosAvoided": 0
    },
    {
      "timestamp": "2020-03-26T11:54:21.952Z",
      "scenariosCreated": 234,
      "scenariosCompleted": 232,
      "requestsCompleted": 232,
      "latency": {
        "min": 104.9,
        "max": 668.4,
        "median": 112.4,
        "p95": 211.9,
        "p99": 393.4
      },
      "rps": {
        "count": 233,
        "mean": 23.44
      },
      "scenarioDuration": {
        "min": 108.4,
        "max": 674.5,
        "median": 117.6,
        "p95": 216.6,
        "p99": 403.1
      },
      "scenarioCounts": {
        "0": 234
      },
      "errors": {},
      "codes": {
        "200": 232
      },
      "matches": 0,
      "latencies": [
        109849518,
        124563051,
        111807013,
        119862155,
        108120279,
        112951695,
        212282267,
        113157372,
        117799193,
        109348469,
        111011520,
        109325271,
        254423616,
        114336694,
        108447198,
        110969765,
        108440703,
        106945906,
        114652788,
        132656854,
        108571533,
        119887827,
        116014900,
        112468274,
        110370053,
        108465447,
        111446690,
        108990002,
        111346172,
        113235313,
        110027360,
        107787483,
        123607965,
        107767380,
        110934507,
        109656213,
        108876492,
        114392985,
        112362497,
        116235734,
        115086722,
        107577167,
        112294454,
        109590642,
        108299358,
        111500507,
        125052348,
        111031315,
        108667412,
        113884204,
        118342305,
        113587594,
        117195768,
        109984059,
        110619340,
        110351805,
        116543476,
        111931657,
        115949022,
        106876006,
        114127924,
        112237235,
        123185784,
        111141112,
        109518269,
        108877421,
        104851705,
        107439842,
        109669512,
        111943100,
        109585384,
        668364358,
        110092619,
        107330044,
        108802263,
        108477509,
        114281332,
        113259438,
        109547033,
        110923681,
        108796386,
        114587527,
        116311200,
        119231205,
        120220932,
        131998068,
        128863416,
        120147630,
        118339212,
        116060985,
        118797890,
        113192631,
        149502322,
        145142882,
        109438472,
        661738134,
        110491294,
        110518202,
        112711376,
        110133137,
        111174516,
        120588987,
        110626764,
        113004892,
        114244526,
        115110537,
        111815673,
        112710758,
        119701635,
        112899115,
        110060763,
        215563214,
        108640814,
        110468407,
        109476515,
        108240902,
        110381187,
        113936164,
        123957461,
        108322554,
        108638030,
        113061492,
        114674129,
        113053760,
        294385711,
        120951165,
        117694035,
        123126090,
        112340228,
        110027669,
        118462311,
        109299292,
        118742527,
        113301501,
        122259461,
        110231491,
        110296132,
        114414635,
        110398198,
        117898785,
        109608272,
        113836572,
        259358954,
        110941002,
        110279740,
        108087803,
        109049077,
        109755495,
        108805046,
        115375907,
        208330782,
        254658677,
        111875676,
        108410702,
        109457030,
        115914381,
        112793029,
        113409753,
        113112835,
        109674152,
        114971356,
        111486899,
        179334247,
        205596970,
        113168198,
        110675940,
        110162211,
        226177111,
        110419539,
        109115883,
        113551408,
        109545486,
        110696045,
        126384149,
        112099292,
        120930752,
        117168241,
        106542283,
        110784501,
        108816800,
        110614082,
        123547034,
        110201799,
        246290224,
        117991262,
        114137820,
        113204385,
        110626763,
        111548756,
        110416137,
        119943499,
        111551539,
        110994818,
        113851728,
        113567491,
        110320876,
        111416689,
        111107709,
        108896287,
        118040439,
        114268650,
        115751694,
        272763263,
        115736848,
        110619031,
        111036263,
        112336826,
        112377962,
        113161703,
        119624931,
        116693482,
        334459148,
        118957483,
        122139147,
        114218236,
        114768771,
        111807631,
        110765634,
        115386423,
        116331922,
        110618413,
        112149397,
        109279188,
        115854688,
        112435490,
        116680183,
        130338419,
        126423119,
        110788213,
        112172902,
        110749552,
        116935965
      ],
      "customStats": {},
      "counters": {},
      "concurrency": 5,
      "pendingRequests": 4,
      "scenariosAvoided": 0
    },
    {
      "timestamp": "2020-03-26T11:54:31.950Z",
      "scenariosCreated": 276,
      "scenariosCompleted": 277,
      "requestsCompleted": 277,
      "latency": {
        "min": 108.4,
        "max": 937.4,
        "median": 117.9,
        "p95": 289.2,
        "p99": 544.1
      },
      "rps": {
        "count": 277,
        "mean": 27.73
      },
      "scenarioDuration": {
        "min": 112.2,
        "max": 940.7,
        "median": 123,
        "p95": 295.9,
        "p99": 548.7
      },
      "scenarioCounts": {
        "0": 276
      },
      "errors": {},
      "codes": {
        "200": 277
      },
      "matches": 0,
      "latencies": [
        136729583,
        136802265,
        135480052,
        132925009,
        118572417,
        126566012,
        109917562,
        120516922,
        111991350,
        108398021,
        109039488,
        112150016,
        112258267,
        465486664,
        109646315,
        118229415,
        388857960,
        112144758,
        112027846,
        110579751,
        111220600,
        276085962,
        113245520,
        113399546,
        114408450,
        113710073,
        132183642,
        119086148,
        111575664,
        114109366,
        556705805,
        112405798,
        113235313,
        122106671,
        112795193,
        113675433,
        116020777,
        109939212,
        119840815,
        113234076,
        111379884,
        115578802,
        112838185,
        342039531,
        109512083,
        120345266,
        119271412,
        110885948,
        113829150,
        113513055,
        351051925,
        120528366,
        114805268,
        121967491,
        112754986,
        120359184,
        121401182,
        116447597,
        121431801,
        111004406,
        122725869,
        112847154,
        119379355,
        114567115,
        116503887,
        111901656,
        111174516,
        112440747,
        119407809,
        140935305,
        118291273,
        114927128,
        113762962,
        112245586,
        509927892,
        111279056,
        125926400,
        112797668,
        111396586,
        118421793,
        114101325,
        111861139,
        110778316,
        115953661,
        112308062,
        120277841,
        117211542,
        113371710,
        275440785,
        118821086,
        116796166,
        120935701,
        141793893,
        125933205,
        114091736,
        115170849,
        115120434,
        123280426,
        118715000,
        120551254,
        111007809,
        110477067,
        111049562,
        118841190,
        114125449,
        110713983,
        119418016,
        114848568,
        452048643,
        118298078,
        111150391,
        119004495,
        112510956,
        581001752,
        121514691,
        115977786,
        127621308,
        132983156,
        129536430,
        117262266,
        120591461,
        120969722,
        121828311,
        117092466,
        121981100,
        126412604,
        123541157,
        122536584,
        125061626,
        118505302,
        118421484,
        120924257,
        122086568,
        130358523,
        128347211,
        169816473,
        110972859,
        139285862,
        114225349,
        114397006,
        113045409,
        114120501,
        111112039,
        113196652,
        120219694,
        114127923,
        113734816,
        118072296,
        112667148,
        304811559,
        127163868,
        117315464,
        113375731,
        127397073,
        117671765,
        124241080,
        123293108,
        123187021,
        113025924,
        113132938,
        125505766,
        112186821,
        113323460,
        111689173,
        116774516,
        135829858,
        114821041,
        113170053,
        115622721,
        117986932,
        130191506,
        115062906,
        296193509,
        115419827,
        113155207,
        120043090,
        118202197,
        112156202,
        118262509,
        125147918,
        115186313,
        123030829,
        937390473,
        112331877,
        110722643,
        115064453,
        113180569,
        112013310,
        113148712,
        116056963,
        117789605,
        117751871,
        113896885,
        112499822,
        116862664,
        119792566,
        135571601,
        126996543,
        117469490,
        120760952,
        113786159,
        119353992,
        116209134,
        343052455,
        120369700,
        119473997,
        117418457,
        121317674,
        121425925,
        117388456,
        115773964,
        117853318,
        123634254,
        114868982,
        117670529,
        120265160,
        127464498,
        115076205,
        117014525,
        121840373,
        116670904,
        133904839,
        117020401,
        123572705,
        120892090,
        116571313,
        125892378,
        123705390,
        121363448,
        115049298,
        494248448,
        478973244,
        117570009,
        120874461,
        125440505,
        248199779,
        129527461,
        121976152,
        131348868,
        124188501,
        152194998,
        118809643,
        114486700,
        111699380,
        125549067,
        122649166,
        129830256,
        121151895,
        115966960,
        115348691,
        120171137,
        121181895,
        115801181,
        116941533,
        113280470,
        113818943,
        122120280,
        127381299,
        115294565,
        112950148,
        125943102,
        125405865,
        116830188,
        122338330,
        122669269,
        153494325,
        123076605,
        115246624,
        113776879,
        121293240,
        111865468,
        117100508,
        130922667,
        138341291,
        130410793,
        126318889,
        124592124
      ],
      "customStats": {},
      "counters": {},
      "concurrency": 4,
      "pendingRequests": 4,
      "scenariosAvoided": 0
    },
    {
      "timestamp": "2020-03-26T11:54:41.950Z",
      "scenariosCreated": 299,
      "scenariosCompleted": 298,
      "requestsCompleted": 298,
      "latency": {
        "min": 109.2,
        "max": 1091.6,
        "median": 133.2,
        "p95": 170.4,
        "p99": 444.9
      },
      "rps": {
        "count": 299,
        "mean": 29.93
      },
      "scenarioDuration": {
        "min": 112,
        "max": 1095.9,
        "median": 135.8,
        "p95": 173.1,
        "p99": 449.7
      },
      "scenarioCounts": {
        "0": 299
      },
      "errors": {},
      "codes": {
        "200": 298
      },
      "matches": 0,
      "latencies": [
        129314670,
        135546859,
        123811786,
        131105457,
        124889971,
        144086349,
        124827185,
        122803811,
        109202484,
        132276738,
        114094520,
        116730906,
        127919772,
        124591196,
        123431978,
        504692545,
        247767701,
        138939457,
        134789098,
        113868739,
        127851420,
        138184482,
        121700265,
        141485531,
        115342813,
        129298586,
        122958455,
        129099095,
        133986182,
        124622744,
        116888954,
        111321119,
        215416301,
        120196189,
        117674549,
        114851352,
        127025925,
        119469667,
        124902341,
        120135568,
        129725716,
        131694655,
        126366829,
        130114803,
        130146349,
        127956269,
        374892290,
        1091566472,
        153765881,
        120775488,
        117133292,
        131949818,
        132561284,
        121223958,
        134730952,
        137319089,
        136441324,
        134608164,
        135738928,
        155943900,
        125076472,
        169801318,
        146106939,
        128895582,
        144500797,
        110185098,
        112883651,
        112744780,
        122627825,
        115956135,
        118925936,
        126737976,
        123241456,
        112956952,
        111276891,
        116404606,
        115546945,
        122756490,
        127531614,
        146115908,
        113293459,
        138878219,
        120274748,
        218271664,
        143303536,
        134690126,
        133493174,
        137674154,
        123222898,
        111490919,
        131781565,
        116496774,
        111161526,
        113812139,
        130465537,
        138583465,
        122841544,
        120535479,
        140090944,
        143998201,
        134147631,
        142373502,
        126008980,
        122355649,
        111553396,
        110649651,
        121111996,
        133687718,
        117210924,
        146766345,
        129030432,
        124735016,
        124026124,
        122958765,
        146828512,
        142883830,
        130425638,
        130820601,
        131090611,
        122600608,
        123891892,
        144113876,
        128612273,
        115228995,
        109674151,
        113835645,
        122485861,
        127306451,
        124202728,
        133778030,
        144279655,
        129014040,
        115752932,
        115549110,
        124567690,
        122587617,
        141611102,
        141707292,
        130155938,
        125451331,
        125727526,
        128975688,
        154171051,
        143593959,
        135451907,
        140814063,
        133603900,
        380124854,
        140095274,
        122650712,
        119365127,
        148476717,
        133499670,
        131200410,
        122731746,
        126499823,
        112793647,
        126281465,
        125293903,
        123255683,
        138247268,
        128811455,
        146698301,
        140141976,
        137552912,
        128569591,
        131229173,
        133731327,
        161584108,
        154734886,
        133231825,
        162187532,
        159004013,
        143000433,
        157344364,
        167472057,
        166084892,
        148195881,
        148384549,
        155879567,
        145054116,
        124794709,
        134571977,
        133429460,
        114984656,
        122360907,
        694380886,
        118093947,
        116450690,
        123042273,
        119804937,
        148605072,
        148426612,
        148390116,
        126724368,
        131313610,
        116737711,
        126210947,
        128982802,
        148543833,
        147032644,
        123886943,
        127993693,
        136561638,
        146714075,
        128379996,
        125233900,
        146850162,
        146088381,
        142760732,
        134468983,
        148730954,
        133281620,
        126001248,
        128103181,
        146420558,
        130708639,
        127480272,
        128958059,
        157952737,
        124933889,
        121557991,
        151817665,
        148804564,
        146133847,
        145613312,
        121084779,
        124823782,
        124369127,
        157350549,
        155944828,
        169796679,
        136537823,
        148376816,
        153786295,
        158876276,
        122462045,
        155980705,
        155514296,
        151900555,
        148332588,
        133534928,
        133160069,
        134084536,
        133950614,
        145985388,
        143893042,
        122171931,
        129745201,
        146825110,
        176107428,
        143300134,
        155003659,
        153434632,
        151507448,
        143088580,
        147271105,
        170108444,
        146552007,
        146247975,
        147132544,
        153960734,
        146217355,
        146452106,
        161655863,
        161049655,
        163697486,
        128246382,
        173900026,
        124413664,
        127636464,
        151037636,
        151025883,
        151920968,
        152954923,
        145750019,
        146141888,
        147074706,
        121283033,
        162473935,
        162393210,
        150169460,
        157260856,
        127153971,
        122664321,
        121774804,
        124856257,
        153168643,
        167545977,
        188343550,
        156195661,
        145780329,
        161816694,
        170633926,
        168510962,
        173691565,
        171084562,
        170631761
      ],
      "customStats": {},
      "counters": {},
      "concurrency": 5,
      "pendingRequests": 5,
      "scenariosAvoided": 0
    },
    {
      "timestamp": "2020-03-26T11:54:51.947Z",
      "scenariosCreated": 300,
      "scenariosCompleted": 246,
      "requestsCompleted": 246,
      "latency": {
        "min": 124.4,
        "max": 2141.2,
        "median": 517.2,
        "p95": 1866.2,
        "p99": 2073.4
      },
      "rps": {
        "count": 300,
        "mean": 30.03
      },
      "scenarioDuration": {
        "min": 128.6,
        "max": 2143.5,
        "median": 520.3,
        "p95": 1868.8,
        "p99": 2077.6
      },
      "scenarioCounts": {
        "0": 300
      },
      "errors": {},
      "codes": {
        "200": 246
      },
      "matches": 0,
      "latencies": [
        176664768,
        160919135,
        158571316,
        167012453,
        151592811,
        158053565,
        168462713,
        163126536,
        148275369,
        148773945,
        167619898,
        152115202,
        155887918,
        166577591,
        175235231,
        163472631,
        163803262,
        158853388,
        160243646,
        127758941,
        153398136,
        124404385,
        191007152,
        180240157,
        209422574,
        243039279,
        178553291,
        357638251,
        203186984,
        201946732,
        569260804,
        219994408,
        236993592,
        234051010,
        210559833,
        319390860,
        219532329,
        186709572,
        163042719,
        176157842,
        173438566,
        159020096,
        149676452,
        184052772,
        170983115,
        212479594,
        904454824,
        203188840,
        190254651,
        671310653,
        414139924,
        179294968,
        143416737,
        177264171,
        141852658,
        129832420,
        201912401,
        182056307,
        189707208,
        223386080,
        191319226,
        227481695,
        216518919,
        247366861,
        273432565,
        307335673,
        259062344,
        259270187,
        279909403,
        294875007,
        281395540,
        279878164,
        269305403,
        284338123,
        266893871,
        309050685,
        276025961,
        269906354,
        284009038,
        309613901,
        303362846,
        283145192,
        274466212,
        259716184,
        233492742,
        200397809,
        177609339,
        222902969,
        194235210,
        200467708,
        196844379,
        213426331,
        180329851,
        208147683,
        188696140,
        233519649,
        201479704,
        250606981,
        269396644,
        246397857,
        290019466,
        324946014,
        313805087,
        349154742,
        358339720,
        368890832,
        370504705,
        413654339,
        435423390,
        407204720,
        419228669,
        428018375,
        415222438,
        424137097,
        446100382,
        413242675,
        500113510,
        482030265,
        515760170,
        516269570,
        485937832,
        466827126,
        518200775,
        545503638,
        535510176,
        549591831,
        556765497,
        552931232,
        563307594,
        580662461,
        601309409,
        582768107,
        602538835,
        609522909,
        621529537,
        641852040,
        638076539,
        630776991,
        632712218,
        682355080,
        710715096,
        679641991,
        1010081919,
        710548080,
        677543151,
        703018111,
        704577551,
        671509835,
        670299584,
        677023853,
        646896865,
        635130245,
        641143457,
        608231933,
        575131123,
        553352794,
        524701427,
        493664509,
        478179916,
        461420741,
        440747194,
        1159075458,
        1126622921,
        1106009995,
        1077552553,
        1059430648,
        1048317556,
        1028107017,
        928687986,
        960414003,
        998314371,
        826421326,
        915550904,
        945582321,
        876965768,
        851527923,
        894508993,
        863713629,
        945342313,
        912897817,
        950455491,
        923230569,
        881009423,
        851861955,
        829773717,
        796645381,
        784947424,
        751796819,
        685383647,
        717711540,
        951006954,
        1064117624,
        1097985782,
        1166726669,
        1142373193,
        2103915794,
        2038124294,
        2072079670,
        2141188612,
        1949356585,
        1982157073,
        1914506123,
        1881311908,
        2016385862,
        1862445542,
        1843308238,
        1809827621,
        1777552306,
        1772866256,
        1706707011,
        1745041930,
        1652283456,
        1689534006,
        1651641370,
        1621253960,
        1588318311,
        1571968636,
        1540372830,
        1647143988,
        1737865171,
        1705386652,
        1687912709,
        1659648882,
        1637881996,
        1728706482,
        1695901045,
        1695340302,
        1681170501,
        1797551909,
        1764682449,
        1759744019,
        1726810227,
        1723659491,
        1729354444,
        1817172943,
        1893411014,
        1860502893,
        1804708565,
        1856827602,
        1845951737,
        1788638178,
        1822483449,
        1782198765,
        1749138164,
        1978841487,
        1945897178
      ],
      "customStats": {},
      "counters": {},
      "concurrency": 59,
      "pendingRequests": 59,
      "scenariosAvoided": 0
    },
    {
      "timestamp": "2020-03-26T11:55:01.946Z",
      "scenariosCreated": 300,
      "scenariosCompleted": 185,
      "requestsCompleted": 185,
      "latency": {
        "min": 1570.9,
        "max": 3044.1,
        "median": 2362.2,
        "p95": 2785.2,
        "p99": 2861.6
      },
      "rps": {
        "count": 300,
        "mean": 30.03
      },
      "scenarioDuration": {
        "min": 1573.1,
        "max": 3047.6,
        "median": 2366.4,
        "p95": 2789.9,
        "p99": 2864.4
      },
      "scenarioCounts": {
        "0": 300
      },
      "errors": {},
      "codes": {
        "200": 185
      },
      "matches": 0,
      "latencies": [
        2299766115,
        1909042520,
        1944599708,
        2012372828,
        1878859241,
        1977433291,
        1845892662,
        1823971751,
        1796313823,
        1779594237,
        1753526367,
        1721177751,
        1667147303,
        1701616100,
        1637254447,
        1604052809,
        1570926329,
        1901476982,
        1909042829,
        1874898166,
        1871370408,
        1846247728,
        1781576475,
        1749387142,
        1721567456,
        1821230516,
        1695477627,
        1813835707,
        1949439165,
        1989349298,
        1970673763,
        1947520641,
        1921732679,
        1888808165,
        1892783465,
        1859066551,
        1836337465,
        1837213064,
        2035272332,
        2117619496,
        2121680161,
        2102138305,
        2069772987,
        2049110575,
        2023075491,
        1989852203,
        1997318458,
        1964243629,
        1957559877,
        1941720839,
        2030394523,
        2126531061,
        2158386671,
        2199156629,
        2180800591,
        2201044534,
        2268869304,
        2187967144,
        2184017513,
        2150855155,
        2123355893,
        2129115487,
        2163014573,
        2154527043,
        2161186979,
        2427978785,
        2162283103,
        2288611889,
        2352860961,
        2304710111,
        2338307021,
        2301628968,
        2268320006,
        2238167347,
        2205201697,
        2352443110,
        2221407244,
        2321077107,
        2306580697,
        2348272338,
        2358414569,
        2339891205,
        2275021078,
        2308975836,
        2362184502,
        2439203839,
        2426253876,
        2710846854,
        2458969001,
        2426085313,
        2532816572,
        2554174267,
        2525791055,
        2490025714,
        2462516555,
        2431390870,
        2407915777,
        2427203396,
        2415478839,
        2424839494,
        2391101238,
        2508141744,
        2810644145,
        2632245190,
        2643040022,
        2627898740,
        2630799570,
        2599938018,
        2562171573,
        2595832816,
        2688972645,
        2722453262,
        2661636687,
        2694914101,
        2714411418,
        2682198271,
        2684016586,
        2720644226,
        2688272103,
        2762002453,
        2869650447,
        2781032434,
        2845887714,
        2779619908,
        2846701455,
        2729130519,
        2762943622,
        2714981130,
        2744503457,
        2747605014,
        2830508899,
        2797735009,
        2771429605,
        2759144616,
        2723980534,
        2744058389,
        2827932515,
        2728553693,
        2761675225,
        2695366283,
        2730029933,
        2733911520,
        2749338584,
        2724058785,
        2717116467,
        2756594522,
        2823628129,
        2724351064,
        2758238397,
        2725160784,
        2702449018,
        2668631275,
        2704378367,
        2669133253,
        2639636906,
        2555088837,
        2588749461,
        2653952074,
        2620893019,
        2543468512,
        2510590391,
        2494725372,
        2503133414,
        2469387118,
        2451157579,
        2430439185,
        2451622442,
        2493796575,
        2397152184,
        2462625734,
        2453760252,
        2405109591,
        2395897704,
        2374345465,
        2308194261,
        2351990310,
        2285843746,
        2234762685,
        2267859474,
        2173220826,
        2207136614,
        2119480802,
        2111176372,
        3044076575,
        2552773803
      ],
      "customStats": {},
      "counters": {},
      "concurrency": 174,
      "pendingRequests": 174,
      "scenariosAvoided": 0
    },
    {
      "timestamp": "2020-03-26T11:55:11.946Z",
      "scenariosCreated": 300,
      "scenariosCompleted": 137,
      "requestsCompleted": 137,
      "latency": {
        "min": 4953.7,
        "max": 13400.3,
        "median": 8753.5,
        "p95": 11422.7,
        "p99": 11798.1
      },
      "rps": {
        "count": 300,
        "mean": 30.03
      },
      "scenarioDuration": {
        "min": 4957.9,
        "max": 13402.2,
        "median": 8755.8,
        "p95": 11426.2,
        "p99": 11800.2
      },
      "scenarioCounts": {
        "0": 300
      },
      "errors": {},
      "codes": {
        "200": 137
      },
      "matches": 0,
      "latencies": [
        7072271431,
        7133844218,
        7160779954,
        7092426607,
        7077363577,
        5690576930,
        5126093726,
        5189499675,
        5223319891,
        5121613663,
        4953653856,
        4968567191,
        5010724313,
        5016298643,
        5087491270,
        5178697420,
        5147311314,
        5002323384,
        5001959351,
        8893007082,
        5303214387,
        5355170428,
        6093849650,
        6130923286,
        6157011259,
        6137269602,
        6161167494,
        6430233198,
        6132390247,
        6139036575,
        10314476864,
        6081048146,
        6130845035,
        6212357425,
        6204831168,
        6209078335,
        6393972376,
        6400129098,
        6405692911,
        10792230888,
        10765672177,
        10749617873,
        6507835857,
        10776668046,
        10822651702,
        11183823588,
        11087495910,
        6927432579,
        11129119817,
        11161251930,
        11032557077,
        11079492419,
        11149075192,
        6982009232,
        11072973828,
        11038678850,
        11007142738,
        9608048215,
        11003645908,
        10970613451,
        7018742960,
        10885984658,
        10965884720,
        10866502805,
        10861570870,
        10800170047,
        10767153365,
        6998044361,
        7032272222,
        8052214607,
        10851207808,
        10784931341,
        10845150986,
        7173607129,
        10865689682,
        10833267145,
        10801923721,
        10862679365,
        10829514532,
        10895792545,
        10935068326,
        10902418151,
        10910311845,
        10944956938,
        10958548676,
        8481681077,
        11017470232,
        7781044187,
        11130925760,
        11421424317,
        11425340234,
        11423417998,
        8306118618,
        11374926003,
        11430251137,
        8297136533,
        11450939530,
        8353214789,
        11434258604,
        11334840812,
        11401835140,
        11368493703,
        8282572697,
        8383697460,
        8258631814,
        11094045430,
        10551166424,
        11133360489,
        13400259618,
        10996900298,
        8344910668,
        8313572192,
        11055925157,
        8306065729,
        8239868441,
        8273147711,
        11558736910,
        8367950899,
        10932069142,
        8344355183,
        8353834915,
        11001025295,
        8350080756,
        8383669934,
        8405137117,
        11111300706,
        8659780639,
        8637338574,
        8647885664,
        8628350304,
        8753527604,
        9223998474,
        9270051410,
        9414524680,
        9457515339,
        9740180205,
        9713339111
      ],
      "customStats": {},
      "counters": {},
      "concurrency": 337,
      "pendingRequests": 337,
      "scenariosAvoided": 0
    },
    {
      "timestamp": "2020-03-26T11:55:21.946Z",
      "scenariosCreated": 300,
      "scenariosCompleted": 130,
      "requestsCompleted": 130,
      "latency": {
        "min": 10039.1,
        "max": 22035.1,
        "median": 14317.8,
        "p95": 19784.4,
        "p99": 20971.2
      },
      "rps": {
        "count": 300,
        "mean": 30.03
      },
      "scenarioDuration": {
        "min": 10041.5,
        "max": 22037,
        "median": 14320,
        "p95": 19786.4,
        "p99": 20974.3
      },
      "scenarioCounts": {
        "0": 300
      },
      "errors": {
        "ENOTFOUND": 2
      },
      "codes": {
        "200": 130
      },
      "matches": 0,
      "latencies": [
        11651453322,
        10039094227,
        10168604058,
        10509818713,
        10644805757,
        10813024749,
        11094307089,
        11165502191,
        11264835548,
        11296825079,
        14339653670,
        11340237299,
        11415789675,
        14416393100,
        14614485462,
        11615006925,
        14666650584,
        11680495940,
        14785804157,
        11837791746,
        11806870501,
        14828562848,
        11847864694,
        14851226675,
        15951465321,
        11851918864,
        14942055490,
        14885965791,
        11886296422,
        14853143033,
        16134577853,
        11870129227,
        17386145179,
        11853154168,
        14875978206,
        15027539780,
        12151405382,
        12118200651,
        15151917565,
        15225846170,
        12306082740,
        12428390141,
        12462482842,
        12531177336,
        15533484947,
        17609869312,
        12509969028,
        15510702663,
        12492562818,
        12650194203,
        12688268083,
        12776915478,
        12800145304,
        12817949260,
        12877940031,
        19113719971,
        12984472726,
        14234144105,
        18985041200,
        19151805603,
        12952194318,
        19018327584,
        12935352254,
        12944203507,
        13166182628,
        13046375526,
        13225442238,
        13235691791,
        13258184581,
        13391098764,
        20133249763,
        13508633205,
        13551783766,
        18101379927,
        18135072098,
        18284801439,
        13779035660,
        18572875473,
        13916392790,
        18965960496,
        18958714765,
        13994116072,
        13939833553,
        13989438992,
        13970863357,
        19336810369,
        19379556689,
        14079829854,
        14062249824,
        14295933087,
        14039608575,
        14110118291,
        19750782658,
        19784447611,
        19871726400,
        19905605692,
        14193828494,
        14239536264,
        14226900540,
        14234612679,
        22035108409,
        14263899636,
        14253624412,
        14468747197,
        14528373934,
        14522314019,
        14515002410,
        14488923097,
        14533939294,
        14625542571,
        14670993012,
        14651695805,
        14641567493,
        14670458560,
        14720397722,
        14936907362,
        14971594210,
        15269058590,
        15166750794,
        15187534756,
        15453866957,
        15488846083,
        15518039016,
        15774564566,
        15742741433,
        15739061813,
        15923844200,
        15904692668,
        20603704549,
        20705250874
      ],
      "customStats": {},
      "counters": {},
      "concurrency": 505,
      "pendingRequests": 507,
      "scenariosAvoided": 0
    },
    {
      "timestamp": "2020-03-26T11:55:31.950Z",
      "scenariosCreated": 300,
      "scenariosCompleted": 2,
      "requestsCompleted": 2,
      "latency": {
        "min": 23538.5,
        "max": 28174.4,
        "median": 25856.5,
        "p95": 28174.4,
        "p99": 28174.4
      },
      "rps": {
        "count": 300,
        "mean": 30.03
      },
      "scenarioDuration": {
        "min": 23541,
        "max": 28176.6,
        "median": 25858.8,
        "p95": 28176.6,
        "p99": 28176.6
      },
      "scenarioCounts": {
        "0": 300
      },
      "errors": {
        "ENOTFOUND": 802
      },
      "codes": {
        "200": 2
      },
      "matches": 0,
      "latencies": [
        23538474100,
        28174438809
      ],
      "customStats": {},
      "counters": {},
      "concurrency": 1,
      "pendingRequests": 805,
      "scenariosAvoided": 0
    },
    {
      "timestamp": "2020-03-26T11:55:41.952Z",
      "scenariosCreated": 300,
      "scenariosCompleted": 1,
      "requestsCompleted": 1,
      "latency": {
        "min": 32028.8,
        "max": 32028.8,
        "median": 32028.8,
        "p95": 32028.8,
        "p99": 32028.8
      },
      "rps": {
        "count": 300,
        "mean": 30.03
      },
      "scenarioDuration": {
        "min": 32033,
        "max": 32033,
        "median": 32033,
        "p95": 32033,
        "p99": 32033
      },
      "scenarioCounts": {
        "0": 300
      },
      "errors": {
        "ENOTFOUND": 300
      },
      "codes": {
        "200": 1
      },
      "matches": 0,
      "latencies": [
        32028783124
      ],
      "customStats": {},
      "counters": {},
      "concurrency": 0,
      "pendingRequests": 1104,
      "scenariosAvoided": 0
    },
    {
      "timestamp": "2020-03-26T11:55:51.950Z",
      "scenariosCreated": 300,
      "scenariosCompleted": 0,
      "requestsCompleted": 0,
      "latency": {
        "min": null,
        "max": null,
        "median": null,
        "p95": null,
        "p99": null
      },
      "rps": {
        "count": 300,
        "mean": 30.03
      },
      "scenarioDuration": {
        "min": null,
        "max": null,
        "median": null,
        "p95": null,
        "p99": null
      },
      "scenarioCounts": {
        "0": 300
      },
      "errors": {
        "ENOTFOUND": 300
      },
      "codes": {},
      "matches": 0,
      "latencies": [],
      "customStats": {},
      "counters": {},
      "concurrency": 0,
      "pendingRequests": 1404,
      "scenariosAvoided": 0
    },
    {
      "timestamp": "2020-03-26T11:56:01.950Z",
      "scenariosCreated": 300,
      "scenariosCompleted": 0,
      "requestsCompleted": 0,
      "latency": {
        "min": null,
        "max": null,
        "median": null,
        "p95": null,
        "p99": null
      },
      "rps": {
        "count": 300,
        "mean": 30.03
      },
      "scenarioDuration": {
        "min": null,
        "max": null,
        "median": null,
        "p95": null,
        "p99": null
      },
      "scenarioCounts": {
        "0": 300
      },
      "errors": {
        "ENOTFOUND": 300
      },
      "codes": {},
      "matches": 0,
      "latencies": [],
      "customStats": {},
      "counters": {},
      "concurrency": 0,
      "pendingRequests": 1704,
      "scenariosAvoided": 0
    },
    {
      "timestamp": "2020-03-26T11:56:11.950Z",
      "scenariosCreated": 300,
      "scenariosCompleted": 0,
      "requestsCompleted": 0,
      "latency": {
        "min": null,
        "max": null,
        "median": null,
        "p95": null,
        "p99": null
      },
      "rps": {
        "count": 300,
        "mean": 30.03
      },
      "scenarioDuration": {
        "min": null,
        "max": null,
        "median": null,
        "p95": null,
        "p99": null
      },
      "scenarioCounts": {
        "0": 300
      },
      "errors": {
        "ENOTFOUND": 300
      },
      "codes": {},
      "matches": 0,
      "latencies": [],
      "customStats": {},
      "counters": {},
      "concurrency": 0,
      "pendingRequests": 2004,
      "scenariosAvoided": 0
    },
    {
      "timestamp": "2020-03-26T11:56:21.950Z",
      "scenariosCreated": 300,
      "scenariosCompleted": 0,
      "requestsCompleted": 0,
      "latency": {
        "min": null,
        "max": null,
        "median": null,
        "p95": null,
        "p99": null
      },
      "rps": {
        "count": 300,
        "mean": 30.03
      },
      "scenarioDuration": {
        "min": null,
        "max": null,
        "median": null,
        "p95": null,
        "p99": null
      },
      "scenarioCounts": {
        "0": 300
      },
      "errors": {
        "ENOTFOUND": 137
      },
      "codes": {},
      "matches": 0,
      "latencies": [],
      "customStats": {},
      "counters": {},
      "concurrency": 163,
      "pendingRequests": 2304,
      "scenariosAvoided": 0
    },
    {
      "timestamp": "2020-03-26T11:56:31.954Z",
      "scenariosCreated": 300,
      "scenariosCompleted": 0,
      "requestsCompleted": 0,
      "latency": {
        "min": null,
        "max": null,
        "median": null,
        "p95": null,
        "p99": null
      },
      "rps": {
        "count": 300,
        "mean": 30.03
      },
      "scenarioDuration": {
        "min": null,
        "max": null,
        "median": null,
        "p95": null,
        "p99": null
      },
      "scenarioCounts": {
        "0": 300
      },
      "errors": {
        "ENOTFOUND": 331
      },
      "codes": {},
      "matches": 0,
      "latencies": [],
      "customStats": {},
      "counters": {},
      "concurrency": 132,
      "pendingRequests": 2604,
      "scenariosAvoided": 0
    },
    {
      "timestamp": "2020-03-26T11:56:41.955Z",
      "scenariosCreated": 300,
      "scenariosCompleted": 0,
      "requestsCompleted": 0,
      "latency": {
        "min": null,
        "max": null,
        "median": null,
        "p95": null,
        "p99": null
      },
      "rps": {
        "count": 300,
        "mean": 30.03
      },
      "scenarioDuration": {
        "min": null,
        "max": null,
        "median": null,
        "p95": null,
        "p99": null
      },
      "scenarioCounts": {
        "0": 300
      },
      "errors": {
        "ENOTFOUND": 331
      },
      "codes": {},
      "matches": 0,
      "latencies": [],
      "customStats": {},
      "counters": {},
      "concurrency": 101,
      "pendingRequests": 2904,
      "scenariosAvoided": 0
    },
    {
      "timestamp": "2020-03-26T11:56:51.954Z",
      "scenariosCreated": 300,
      "scenariosCompleted": 0,
      "requestsCompleted": 0,
      "latency": {
        "min": null,
        "max": null,
        "median": null,
        "p95": null,
        "p99": null
      },
      "rps": {
        "count": 300,
        "mean": 30.03
      },
      "scenarioDuration": {
        "min": null,
        "max": null,
        "median": null,
        "p95": null,
        "p99": null
      },
      "scenarioCounts": {
        "0": 300
      },
      "errors": {
        "ENOTFOUND": 333
      },
      "codes": {},
      "matches": 0,
      "latencies": [],
      "customStats": {},
      "counters": {},
      "concurrency": 68,
      "pendingRequests": 3204,
      "scenariosAvoided": 0
    },
    {
      "timestamp": "2020-03-26T11:57:01.955Z",
      "scenariosCreated": 300,
      "scenariosCompleted": 56,
      "requestsCompleted": 56,
      "latency": {
        "min": 118.5,
        "max": 1066.8,
        "median": 161.2,
        "p95": 771.4,
        "p99": 1051.6
      },
      "rps": {
        "count": 300,
        "mean": 30.03
      },
      "scenarioDuration": {
        "min": 121.2,
        "max": 1068.7,
        "median": 164.2,
        "p95": 773.5,
        "p99": 1053.6
      },
      "scenarioCounts": {
        "0": 300
      },
      "errors": {
        "ENOTFOUND": 307
      },
      "codes": {
        "200": 56
      },
      "matches": 0,
      "latencies": [
        131913940,
        133834011,
        160880783,
        134692600,
        159668676,
        128127616,
        236145211,
        151390536,
        122539059,
        121585519,
        138517278,
        136062444,
        130955143,
        122393074,
        158883080,
        160893773,
        150833505,
        171028889,
        515415620,
        814528206,
        782859099,
        684058030,
        672418219,
        640072077,
        583795876,
        617345775,
        551459631,
        484998518,
        320830913,
        744826665,
        522096898,
        363473621,
        463885162,
        396760932,
        310634248,
        292073769,
        258983785,
        223676194,
        129057650,
        196777262,
        169256659,
        127669867,
        139719486,
        118549530,
        161484825,
        161823189,
        159060613,
        1066779063,
        702748720,
        152696667,
        146445611,
        155459861,
        152998843,
        153629175,
        153057607,
        146292822
      ],
      "customStats": {},
      "counters": {},
      "concurrency": 5,
      "pendingRequests": 3448,
      "scenariosAvoided": 0
    },
    {
      "timestamp": "2020-03-26T11:57:11.958Z",
      "scenariosCreated": 300,
      "scenariosCompleted": 286,
      "requestsCompleted": 286,
      "latency": {
        "min": 118.2,
        "max": 950.3,
        "median": 213.6,
        "p95": 684,
        "p99": 802
      },
      "rps": {
        "count": 300,
        "mean": 30.03
      },
      "scenarioDuration": {
        "min": 120.3,
        "max": 952.2,
        "median": 215.9,
        "p95": 686.3,
        "p99": 804
      },
      "scenarioCounts": {
        "0": 300
      },
      "errors": {},
      "codes": {
        "200": 286
      },
      "matches": 0,
      "latencies": [
        207393634,
        262172563,
        277675094,
        252135491,
        213532108,
        183226660,
        180689246,
        147565549,
        288987985,
        146945733,
        145806309,
        144711733,
        761841623,
        139128125,
        143075280,
        123533735,
        128483609,
        165391465,
        148457850,
        128031427,
        122071412,
        145389077,
        120352380,
        152744606,
        146778098,
        129047134,
        125117607,
        169078199,
        154141668,
        167723819,
        176565176,
        158456570,
        157466224,
        145309590,
        187959720,
        155110055,
        233500164,
        258229736,
        226096077,
        221882622,
        187973948,
        158809160,
        149346439,
        129713343,
        129583443,
        168030943,
        161453588,
        136854845,
        158441105,
        153693198,
        164824227,
        152768731,
        145194225,
        150017290,
        149797384,
        148237945,
        145695274,
        123562807,
        152297683,
        130087894,
        164151831,
        162353312,
        152530269,
        131494234,
        145500731,
        142836509,
        120030100,
        120990136,
        186471109,
        202319426,
        218812303,
        228660088,
        224574062,
        200255845,
        189937320,
        157340961,
        153741757,
        149054161,
        118231271,
        159009889,
        159531970,
        152413975,
        157103736,
        154789940,
        154680142,
        155115003,
        130200785,
        130850603,
        153666290,
        164840929,
        161321520,
        154862623,
        148261142,
        168488074,
        162395375,
        155222018,
        146678506,
        155367075,
        123276715,
        148101548,
        125467105,
        140385388,
        218863954,
        229921372,
        252463957,
        256217807,
        230283242,
        227393547,
        194303872,
        171197453,
        204815394,
        168774785,
        159587951,
        155496048,
        147212959,
        146746241,
        160290658,
        160471592,
        126931592,
        149595728,
        166544497,
        175150484,
        167587422,
        167759078,
        161507714,
        154639006,
        151189807,
        156070090,
        123106915,
        125718558,
        121952336,
        181755986,
        149451908,
        166249126,
        159411966,
        228328530,
        828622850,
        205608103,
        242882160,
        223773001,
        276780319,
        249208372,
        255863980,
        276812175,
        244925019,
        248911764,
        228179762,
        242922368,
        222659867,
        221193524,
        188080962,
        219926365,
        252099304,
        234435147,
        218881893,
        226887859,
        233790587,
        225623173,
        197638635,
        184727023,
        162896424,
        155865649,
        143922426,
        121846868,
        173183402,
        203104094,
        243225781,
        285918284,
        261185309,
        262646395,
        267213986,
        316635707,
        301657422,
        239797304,
        281911436,
        236218203,
        222776160,
        221354045,
        189276676,
        177107052,
        194048708,
        189785149,
        185531177,
        193307960,
        213630772,
        208555326,
        239100474,
        256527406,
        256957937,
        245566485,
        218535488,
        194118917,
        187082266,
        385535878,
        154165174,
        177734601,
        142364224,
        252583033,
        212495368,
        285840962,
        333738503,
        356316965,
        323167597,
        361844901,
        395212009,
        364133645,
        374460522,
        342491094,
        356519859,
        363131546,
        330140535,
        316288684,
        328197577,
        319655303,
        314012002,
        323188320,
        290197308,
        316130018,
        323090893,
        328463566,
        327616422,
        312393488,
        300826670,
        280506023,
        272247677,
        239363679,
        217386477,
        219724089,
        210496119,
        187073914,
        208741518,
        294423444,
        241975941,
        266776649,
        282165053,
        299943029,
        366483939,
        334372547,
        346102052,
        333721183,
        417711911,
        385079986,
        422148055,
        402256392,
        431097045,
        399983731,
        391405271,
        363750435,
        337393071,
        401916173,
        369234143,
        336257977,
        772676352,
        742802054,
        676449811,
        779022050,
        812426892,
        783407160,
        950287547,
        683428316,
        716888211,
        651851377,
        717012545,
        652660789,
        686295432,
        627795748,
        694729764,
        661685246,
        674790472,
        640672409,
        657986449,
        691194582,
        667027298,
        700582145,
        580325027,
        649320768,
        616166143,
        529710994,
        564088551,
        500120005,
        452868260,
        486335579,
        554343140,
        583409264,
        626075477,
        601007233
      ],
      "customStats": {},
      "counters": {},
      "concurrency": 19,
      "pendingRequests": 3462,
      "scenariosAvoided": 0
    },
    {
      "timestamp": "2020-03-26T11:57:21.957Z",
      "scenariosCreated": 300,
      "scenariosCompleted": 202,
      "requestsCompleted": 202,
      "latency": {
        "min": 682.1,
        "max": 4255.5,
        "median": 1849.4,
        "p95": 4017.5,
        "p99": 4205.9
      },
      "rps": {
        "count": 300,
        "mean": 30.03
      },
      "scenarioDuration": {
        "min": 684.1,
        "max": 4257.7,
        "median": 1852.8,
        "p95": 4021.4,
        "p99": 4207.9
      },
      "scenarioCounts": {
        "0": 300
      },
      "errors": {},
      "codes": {
        "200": 202
      },
      "matches": 0,
      "latencies": [
        682064658,
        715745076,
        711553581,
        745186678,
        1157925520,
        1126835712,
        1535974111,
        1469797236,
        1403606443,
        1605346878,
        1572259059,
        1372080846,
        1440094903,
        1507129129,
        1480757846,
        1381446758,
        1514933128,
        1415206045,
        1448494594,
        1348829987,
        1313784055,
        1474617208,
        1441567122,
        1449594738,
        1518273767,
        1474854432,
        1551943051,
        1417119004,
        1522612484,
        1490972451,
        1556411670,
        1590055282,
        1729284545,
        1661060790,
        1796778994,
        1696394362,
        1763941082,
        1637033305,
        1539341967,
        1606155361,
        1473123029,
        1573329820,
        1509071778,
        1442750465,
        1751787849,
        1819043528,
        1719257370,
        1654754062,
        1855932209,
        1702493865,
        1600945684,
        1636187088,
        1503234243,
        1470106835,
        1435318541,
        1568683669,
        1995764276,
        1722553472,
        1793442067,
        1693806535,
        1827334349,
        1727433445,
        1583519371,
        1661062955,
        1628004827,
        1763405701,
        1565416332,
        1499614007,
        1533138852,
        1916240929,
        1734763303,
        1768456712,
        1848829060,
        1884565327,
        1918366059,
        1816853756,
        1915879061,
        1881375312,
        1849993536,
        1817278720,
        1717556896,
        1751443610,
        1685276322,
        1785636212,
        1947408368,
        1881271701,
        1848438736,
        1815379681,
        1907138531,
        1906540365,
        1873254601,
        2040303240,
        1972809718,
        1940668326,
        1840794949,
        2054223754,
        2194412433,
        2028647037,
        1928804899,
        1995704893,
        1963869698,
        2164599684,
        2096798417,
        2063578532,
        2088167069,
        2057402015,
        2024192955,
        1990530475,
        2067820751,
        2140874375,
        2005805987,
        2107790576,
        1939593853,
        1973006426,
        2039444961,
        1913737229,
        2079026937,
        1979320577,
        2046438003,
        1948399023,
        2113792344,
        2016714019,
        1899019366,
        1696068989,
        1828981008,
        1784609989,
        1918210178,
        1718422906,
        1885110914,
        1867560576,
        1649827385,
        1748171324,
        1681704644,
        1580524209,
        1715491767,
        1549696370,
        1365132342,
        1416108863,
        1450076921,
        1517148571,
        1350688819,
        1486045774,
        1319345086,
        3709407420,
        3243409190,
        1748841556,
        1502782371,
        1402140099,
        1476251495,
        1673017932,
        1859077995,
        1893566278,
        2834962672,
        2803832656,
        4015722745,
        3980054521,
        4049559973,
        4084938083,
        4020171569,
        4255473346,
        4088921736,
        4189451115,
        4156512374,
        3956268283,
        3988259051,
        4123792301,
        4223646502,
        3924009670,
        4057407273,
        3536863629,
        3803907505,
        3270907524,
        3602078303,
        3768265571,
        3701644246,
        3870354700,
        3503786016,
        3837466064,
        3571022519,
        3537755002,
        3804830735,
        3638199637,
        3906712639,
        3240349386,
        3441273915,
        3206503189,
        3740300827,
        3341926021,
        3475501777,
        3043435418,
        3080327501,
        3113977299,
        3349195878,
        3282793221,
        3152269228,
        3512016526,
        3045638180,
        3279317113,
        3016958668,
        2948545317,
        2984057040,
        2939598801
      ],
      "customStats": {},
      "counters": {},
      "concurrency": 117,
      "pendingRequests": 3560,
      "scenariosAvoided": 0
    },
    {
      "timestamp": "2020-03-26T11:57:31.951Z",
      "scenariosCreated": 300,
      "scenariosCompleted": 95,
      "requestsCompleted": 95,
      "latency": {
        "min": 2192.6,
        "max": 9542.3,
        "median": 4077.3,
        "p95": 7285.1,
        "p99": 9317.4
      },
      "rps": {
        "count": 300,
        "mean": 30.03
      },
      "scenarioDuration": {
        "min": 2194.7,
        "max": 9546.2,
        "median": 4079.3,
        "p95": 7287.5,
        "p99": 9320.4
      },
      "scenarioCounts": {
        "0": 300
      },
      "errors": {},
      "codes": {
        "200": 95
      },
      "matches": 0,
      "latencies": [
        2930495166,
        2965001080,
        5262116582,
        5235402296,
        2705213759,
        2771943026,
        2870272119,
        2605754831,
        2904089243,
        2805703860,
        2728493382,
        2828689657,
        3762733305,
        5096532119,
        2738093117,
        2638425418,
        2673079172,
        2570556418,
        4807200204,
        2507769978,
        4910047402,
        4077345638,
        2610916877,
        2711003973,
        2477871245,
        4044750826,
        2586531544,
        2613472538,
        2420544387,
        2556215580,
        2389145909,
        2457740811,
        4791113115,
        2357901457,
        2324766625,
        2293503307,
        4860211232,
        5293803627,
        3982490797,
        3918237395,
        2418396988,
        2353829966,
        2192627831,
        2392560158,
        2458087834,
        4027984847,
        4063246664,
        4096816976,
        6262027196,
        2617582999,
        4849373719,
        4918764115,
        5222624917,
        5422954063,
        4091698230,
        4891861164,
        4758667073,
        4058813304,
        3722731313,
        4426971428,
        3760498995,
        4825525003,
        7209785062,
        5245904539,
        5079987282,
        4444963433,
        5051067761,
        4725719671,
        4824718376,
        7260295792,
        7293310310,
        5037991608,
        4706222663,
        4973148081,
        4676161244,
        4010664930,
        4643174872,
        4144626060,
        4742801745,
        6476244999,
        3977973310,
        6765706507,
        6666596457,
        6734316070,
        3878312107,
        3845262949,
        4543341702,
        3908503736,
        4575761147,
        7237292057,
        4106842294,
        7702803155,
        9542323520,
        8867744913,
        9042437649
      ],
      "customStats": {},
      "counters": {},
      "concurrency": 322,
      "pendingRequests": 3765,
      "scenariosAvoided": 0
    },
    {
      "timestamp": "2020-03-26T11:57:41.959Z",
      "scenariosCreated": 59,
      "scenariosCompleted": 283,
      "requestsCompleted": 283,
      "latency": {
        "min": 3261.7,
        "max": 19913.5,
        "median": 11374.4,
        "p95": 16355.7,
        "p99": 17735.8
      },
      "rps": {
        "count": 59,
        "mean": 5.9
      },
      "scenarioDuration": {
        "min": 3265.6,
        "max": 19917.5,
        "median": 11376.4,
        "p95": 16357.7,
        "p99": 17738.4
      },
      "scenarioCounts": {
        "0": 59
      },
      "errors": {},
      "codes": {
        "200": 283
      },
      "matches": 0,
      "latencies": [
        8869802308,
        8537111370,
        8605659879,
        8777085587,
        7910358857,
        11210462407,
        11484042504,
        11550307526,
        5585396141,
        8953054144,
        11120054225,
        11162241968,
        4899331749,
        11569164615,
        11503075268,
        11257786524,
        4397811280,
        4464830661,
        7463429269,
        6292142741,
        4132677268,
        3897939636,
        12300475935,
        11378384790,
        3343940426,
        6394380638,
        3563818232,
        6364403346,
        6298122550,
        6566247703,
        6841699931,
        3484287152,
        3349627027,
        3452057612,
        3414178894,
        8958630328,
        3261652337,
        6198966415,
        6066953812,
        7267110064,
        6101036306,
        11434601917,
        10052669573,
        6854423184,
        11455550730,
        8055822782,
        10092307222,
        9959210865,
        6185464680,
        6157043734,
        7923010664,
        8389129516,
        8357005754,
        5992527868,
        11526144573,
        8765254635,
        5930866314,
        12497811775,
        8932683392,
        5899639492,
        5006041975,
        6007933282,
        8906283036,
        5876402552,
        5203309772,
        6207357138,
        6074497388,
        8774785399,
        8973074160,
        5240337943,
        6093332207,
        9359282126,
        9062851701,
        6761382327,
        6728418534,
        5930668060,
        5206192971,
        12722843275,
        5989953031,
        7257332796,
        12963802581,
        7196759633,
        4867399127,
        13334450179,
        14236177685,
        5226500009,
        5494689494,
        6061708567,
        4995165801,
        5864119108,
        5731537102,
        14100540824,
        11708705022,
        7540279734,
        11574218100,
        11646485819,
        17413464435,
        5817957611,
        5786964612,
        11487590986,
        5685955213,
        10988754843,
        12032392845,
        11832668051,
        11897845611,
        11800075095,
        11965436250,
        8265579390,
        5132744384,
        11099709762,
        8838352178,
        8874875588,
        8943446985,
        8915265429,
        11374442892,
        11239509355,
        5708378722,
        14342215516,
        11342676359,
        12238055384,
        7064683315,
        8973672637,
        5644270685,
        7111406792,
        9111374317,
        11748110394,
        5622857936,
        9523422823,
        9090543651,
        11926100469,
        7224591072,
        8030384318,
        5743891682,
        12144055729,
        14744584491,
        14712327115,
        14733800794,
        14715656309,
        14682657257,
        10116635645,
        10168320748,
        13991261946,
        13758185508,
        13860386909,
        12547823930,
        8784521223,
        14084650444,
        14284705560,
        14151929628,
        14385315664,
        14120774870,
        11744755219,
        12912127375,
        11778905139,
        13685442720,
        13719176646,
        10522360722,
        11559563641,
        11529967086,
        15030833405,
        7931043847,
        13423933893,
        13398065207,
        13365056876,
        15665780551,
        11499670607,
        7766370862,
        14966931666,
        11467502925,
        7800970180,
        7739037070,
        8206428031,
        15696837265,
        8494644029,
        15174253854,
        16074655436,
        13741662630,
        16108564419,
        11475679927,
        15142782383,
        14193164758,
        13894208364,
        11659154328,
        8057766668,
        10696176931,
        11463264727,
        8635967183,
        11738319517,
        11438642168,
        8772383456,
        11805931188,
        7475980557,
        14342987813,
        11309977007,
        11376958346,
        16310665796,
        16344550654,
        14762983520,
        14630142948,
        14832152465,
        15858691691,
        7933029487,
        14935520816,
        14899746197,
        15336147871,
        15134892711,
        14804304323,
        10437965443,
        9736681209,
        15005530101,
        16872519728,
        9745228123,
        16980498662,
        19913516705,
        10282662391,
        16681201121,
        7648234853,
        16583575352,
        13790213082,
        10213307563,
        16946755458,
        16045494359,
        8112311774,
        9948168912,
        16020329616,
        8160200655,
        14170046276,
        16376463172,
        13376909168,
        16476749451,
        12077276048,
        16412748739,
        12146476230,
        11249396730,
        11551413856,
        11402463616,
        11240532176,
        14193637972,
        17865230078,
        8530347202,
        13997388357,
        13440224495,
        13375846140,
        14310481150,
        13412326868,
        12679574566,
        11146790469,
        12812143892,
        12780749743,
        9779368455,
        9816537044,
        11183504402,
        14281804421,
        14348342547,
        14082675938,
        11898349753,
        13398827297,
        14299240014,
        14697695544,
        12756295129,
        14788684263,
        14958644247,
        12564828990,
        17631170099,
        12528587963,
        15658099649,
        16662938797,
        15396087918,
        15497030200,
        12163794292,
        10947501464,
        14019783411,
        15453487150,
        17787334831,
        12786024990,
        13119521628,
        13888642385,
        10676641880,
        10733294177,
        11432082133,
        11232503942,
        11273971968,
        11726354024
      ],
      "customStats": {},
      "counters": {},
      "concurrency": 98,
      "pendingRequests": 3541,
      "scenariosAvoided": 0
    },
    {
      "timestamp": "2020-03-26T11:57:51.966Z",
      "scenariosCreated": 0,
      "scenariosCompleted": 97,
      "requestsCompleted": 97,
      "latency": {
        "min": 10585.5,
        "max": 25972.3,
        "median": 12735.1,
        "p95": 22369,
        "p99": 25302.4
      },
      "rps": {
        "count": 0,
        "mean": null
      },
      "scenarioDuration": {
        "min": 10587.7,
        "max": 25974.4,
        "median": 12737.4,
        "p95": 22371.4,
        "p99": 25305.4
      },
      "scenarioCounts": {},
      "errors": {},
      "codes": {
        "200": 97
      },
      "matches": 0,
      "latencies": [
        16769920581,
        17652506763,
        12639998466,
        12590161988,
        13008837027,
        13152116748,
        13119195327,
        12686240070,
        12886599835,
        12557469131,
        12792798745,
        12590916964,
        12760220944,
        12525555686,
        12841600958,
        12942171165,
        13108878657,
        12740803733,
        12976410470,
        12122113476,
        12422391466,
        12057658108,
        11989394454,
        11943127179,
        11100628971,
        11067700128,
        12035066964,
        11397016405,
        11949756806,
        10958404238,
        10925411680,
        11391940960,
        11924192460,
        11892845633,
        14862368220,
        11002602983,
        13140385697,
        12951241396,
        10585522950,
        13086055238,
        15049254086,
        12858674990,
        12824089281,
        12892922646,
        12735086820,
        12800395829,
        12606952401,
        12274089807,
        12707794473,
        14574390065,
        12675273582,
        12775353564,
        12341811893,
        12410849700,
        12383118469,
        12281413169,
        12310690229,
        12375901193,
        12424333186,
        12543494182,
        12510892257,
        12799947668,
        12791490449,
        13107043023,
        12772290977,
        14140106408,
        12808246840,
        13141411301,
        12336647374,
        13038072952,
        14103978889,
        12304391234,
        12371199680,
        12271581776,
        13438527422,
        12484338804,
        13120266397,
        12783114882,
        12452292672,
        12253005523,
        14164019456,
        12179178675,
        12680217270,
        12713896451,
        12448807904,
        12548615094,
        22379773501,
        22415197695,
        21446995157,
        22349049584,
        23006856954,
        12865893813,
        21905121653,
        16741088898,
        25972345474,
        18366216403,
        24546926062
      ],
      "customStats": {},
      "counters": {},
      "concurrency": 1,
      "pendingRequests": 3444,
      "scenariosAvoided": 0
    },
    {
      "timestamp": "2020-03-26T11:57:52.546Z",
      "scenariosCreated": 0,
      "scenariosCompleted": 1,
      "requestsCompleted": 1,
      "latency": {
        "min": 25480.3,
        "max": 25480.3,
        "median": 25480.3,
        "p95": 25480.3,
        "p99": 25480.3
      },
      "rps": {
        "count": 0,
        "mean": null
      },
      "scenarioDuration": {
        "min": 25482.5,
        "max": 25482.5,
        "median": 25482.5,
        "p95": 25482.5,
        "p99": 25482.5
      },
      "scenarioCounts": {},
      "errors": {},
      "codes": {
        "200": 1
      },
      "matches": 0,
      "latencies": [
        25480349584
      ],
      "customStats": {},
      "counters": {},
      "concurrency": 0,
      "pendingRequests": 3443,
      "scenariosAvoided": 0
    }
  ]
}