{
  "aggregate": {
    "timestamp": "2020-03-26T12:46:33.624Z",
    "scenariosCreated": 6368,
    "scenariosCompleted": 2393,
    "requestsCompleted": 2394,
    "latency": {
      "min": 109.5,
      "max": 125379.4,
      "median": 198.9,
      "p95": 90244.1,
      "p99": 97087.4
    },
    "rps": {
      "count": 6368,
      "mean": 14.62
    },
    "scenarioDuration": {
      "min": 114.4,
      "max": 125381.4,
      "median": 202.5,
      "p95": 90241.1,
      "p99": 97091.4
    },
    "scenarioCounts": {
      "0": 6368
    },
    "errors": {
      "ENOTFOUND": 1754,
      "ETIMEDOUT": 1730,
      "ECONNRESET": 146,
      "ESOCKETTIMEDOUT": 345
    },
    "codes": {
      "200": 2394
    },
    "matches": 0,
    "customStats": {},
    "counters": {},
    "scenariosAvoided": 0,
    "phases": [
      {
        "duration": 60,
        "arrivalRate": 0,
        "name": "p0"
      },
      {
        "duration": 60,
        "arrivalRate": 0.5,
        "rampTo": 30,
        "name": "p1"
      },
      {
        "duration": 180,
        "arrivalRate": 30,
        "name": "p2"
      }
    ]
  },
  "intermediate": [
    {
      "timestamp": "2020-03-26T12:38:25.693Z",
      "scenariosCreated": 0,
      "scenariosCompleted": 0,
      "requestsCompleted": 0,
      "latency": {
        "min": null,
        "max": null,
        "median": null,
        "p95": null,
        "p99": null
      },
      "rps": {
        "count": 0,
        "mean": null
      },
      "scenarioDuration": {
        "min": null,
        "max": null,
        "median": null,
        "p95": null,
        "p99": null
      },
      "scenarioCounts": {},
      "errors": {},
      "codes": {},
      "matches": 0,
      "latencies": [],
      "customStats": {},
      "counters": {},
      "concurrency": 0,
      "pendingRequests": 0,
      "scenariosAvoided": 0
    },
    {
      "timestamp": "2020-03-26T12:38:35.692Z",
      "scenariosCreated": 0,
      "scenariosCompleted": 0,
      "requestsCompleted": 0,
      "latency": {
        "min": null,
        "max": null,
        "median": null,
        "p95": null,
        "p99": null
      },
      "rps": {
        "count": 0,
        "mean": null
      },
      "scenarioDuration": {
        "min": null,
        "max": null,
        "median": null,
        "p95": null,
        "p99": null
      },
      "scenarioCounts": {},
      "errors": {},
      "codes": {},
      "matches": 0,
      "latencies": [],
      "customStats": {},
      "counters": {},
      "concurrency": 0,
      "pendingRequests": 0,
      "scenariosAvoided": 0
    },
    {
      "timestamp": "2020-03-26T12:38:45.692Z",
      "scenariosCreated": 0,
      "scenariosCompleted": 0,
      "requestsCompleted": 0,
      "latency": {
        "min": null,
        "max": null,
        "median": null,
        "p95": null,
        "p99": null
      },
      "rps": {
        "count": 0,
        "mean": null
      },
      "scenarioDuration": {
        "min": null,
        "max": null,
        "median": null,
        "p95": null,
        "p99": null
      },
      "scenarioCounts": {},
      "errors": {},
      "codes": {},
      "matches": 0,
      "latencies": [],
      "customStats": {},
      "counters": {},
      "concurrency": 0,
      "pendingRequests": 0,
      "scenariosAvoided": 0
    },
    {
      "timestamp": "2020-03-26T12:38:55.692Z",
      "scenariosCreated": 0,
      "scenariosCompleted": 0,
      "requestsCompleted": 0,
      "latency": {
        "min": null,
        "max": null,
        "median": null,
        "p95": null,
        "p99": null
      },
      "rps": {
        "count": 0,
        "mean": null
      },
      "scenarioDuration": {
        "min": null,
        "max": null,
        "median": null,
        "p95": null,
        "p99": null
      },
      "scenarioCounts": {},
      "errors": {},
      "codes": {},
      "matches": 0,
      "latencies": [],
      "customStats": {},
      "counters": {},
      "concurrency": 0,
      "pendingRequests": 0,
      "scenariosAvoided": 0
    },
    {
      "timestamp": "2020-03-26T12:39:05.692Z",
      "scenariosCreated": 0,
      "scenariosCompleted": 0,
      "requestsCompleted": 0,
      "latency": {
        "min": null,
        "max": null,
        "median": null,
        "p95": null,
        "p99": null
      },
      "rps": {
        "count": 0,
        "mean": null
      },
      "scenarioDuration": {
        "min": null,
        "max": null,
        "median": null,
        "p95": null,
        "p99": null
      },
      "scenarioCounts": {},
      "errors": {},
      "codes": {},
      "matches": 0,
      "latencies": [],
      "customStats": {},
      "counters": {},
      "concurrency": 0,
      "pendingRequests": 0,
      "scenariosAvoided": 0
    },
    {
      "timestamp": "2020-03-26T12:39:15.708Z",
      "scenariosCreated": 0,
      "scenariosCompleted": 0,
      "requestsCompleted": 0,
      "latency": {
        "min": null,
        "max": null,
        "median": null,
        "p95": null,
        "p99": null
      },
      "rps": {
        "count": 0,
        "mean": null
      },
      "scenarioDuration": {
        "min": null,
        "max": null,
        "median": null,
        "p95": null,
        "p99": null
      },
      "scenarioCounts": {},
      "errors": {},
      "codes": {},
      "matches": 0,
      "latencies": [],
      "customStats": {},
      "counters": {},
      "concurrency": 0,
      "pendingRequests": 0,
      "scenariosAvoided": 0
    },
    {
      "timestamp": "2020-03-26T12:39:25.710Z",
      "scenariosCreated": 13,
      "scenariosCompleted": 13,
      "requestsCompleted": 13,
      "latency": {
        "min": 116.1,
        "max": 6552.8,
        "median": 4087.5,
        "p95": 6492.1,
        "p99": 6552.8
      },
      "rps": {
        "count": 13,
        "mean": 1.69
      },
      "scenarioDuration": {
        "min": 124.1,
        "max": 6558.8,
        "median": 4094.6,
        "p95": 6498.2,
        "p99": 6558.8
      },
      "scenarioCounts": {
        "0": 13
      },
      "errors": {},
      "codes": {
        "200": 13
      },
      "matches": 0,
      "latencies": [
        4043683468,
        5957226153,
        133672871,
        118440041,
        235195691,
        4257016393,
        6106815076,
        116132740,
        120719507,
        4087464363,
        6148196501,
        4169641106,
        6552844631
      ],
      "customStats": {},
      "counters": {},
      "concurrency": 0,
      "pendingRequests": 0,
      "scenariosAvoided": 0
    },
    {
      "timestamp": "2020-03-26T12:39:35.711Z",
      "scenariosCreated": 72,
      "scenariosCompleted": 71,
      "requestsCompleted": 71,
      "latency": {
        "min": 111.2,
        "max": 222.7,
        "median": 120.2,
        "p95": 172.6,
        "p99": 219.7
      },
      "rps": {
        "count": 72,
        "mean": 7.34
      },
      "scenarioDuration": {
        "min": 117.6,
        "max": 228.2,
        "median": 126.1,
        "p95": 178.6,
        "p99": 225.7
      },
      "scenarioCounts": {
        "0": 72
      },
      "errors": {},
      "codes": {
        "200": 71
      },
      "matches": 0,
      "latencies": [
        149564489,
        208546356,
        118087142,
        123903336,
        120263305,
        138679345,
        119570805,
        120229592,
        123251044,
        114915685,
        116997205,
        114676913,
        120216602,
        117418148,
        115622411,
        117979199,
        118716237,
        124379024,
        112115684,
        123225991,
        120223406,
        114818567,
        118381895,
        123363316,
        119817927,
        122894123,
        117132983,
        119465337,
        111229569,
        119537401,
        120930443,
        117505058,
        127729250,
        222708117,
        173809095,
        123177124,
        124239225,
        116396873,
        119028929,
        125955783,
        115275698,
        124435005,
        123217950,
        120785076,
        125185342,
        123787971,
        113646360,
        122515243,
        120442383,
        116003148,
        128581343,
        114539898,
        117186799,
        124092621,
        115942836,
        122507511,
        122831956,
        120666000,
        115121053,
        115814481,
        123058975,
        116232021,
        121107047,
        121716967,
        117659704,
        118522622,
        118695205,
        186883083,
        116525538,
        114195349,
        124006639
      ],
      "customStats": {},
      "counters": {},
      "concurrency": 1,
      "pendingRequests": 1,
      "scenariosAvoided": 0
    },
    {
      "timestamp": "2020-03-26T12:39:45.715Z",
      "scenariosCreated": 129,
      "scenariosCompleted": 128,
      "requestsCompleted": 128,
      "latency": {
        "min": 109.5,
        "max": 262.6,
        "median": 121.2,
        "p95": 142.7,
        "p99": 189.4
      },
      "rps": {
        "count": 129,
        "mean": 12.9
      },
      "scenarioDuration": {
        "min": 114.4,
        "max": 267.9,
        "median": 127,
        "p95": 149.2,
        "p99": 195
      },
      "scenarioCounts": {
        "0": 129
      },
      "errors": {},
      "codes": {
        "200": 128
      },
      "matches": 0,
      "latencies": [
        126745090,
        120263923,
        138926159,
        120453209,
        113682237,
        121188391,
        138259639,
        118344470,
        162447954,
        120300419,
        140716328,
        119358323,
        121680780,
        133043158,
        115044659,
        121566033,
        121255197,
        117876824,
        124793781,
        117767336,
        112946127,
        114719594,
        113562542,
        123761063,
        134618680,
        114836816,
        125247818,
        117073599,
        120675278,
        120062885,
        122075742,
        130036243,
        123415586,
        112092178,
        121746658,
        113318512,
        114572682,
        128332675,
        112943962,
        123239600,
        114845166,
        118718093,
        123377234,
        123446514,
        137045367,
        140445081,
        142583201,
        124227162,
        125375245,
        115524367,
        120373721,
        124996366,
        123659616,
        145583621,
        123016293,
        134222788,
        121095603,
        143448593,
        125372153,
        113195415,
        125335038,
        118266530,
        117794863,
        114842383,
        129312195,
        118116834,
        124991727,
        116831116,
        125231426,
        119928035,
        166980596,
        137590955,
        117100508,
        117739500,
        127875235,
        114892178,
        117783419,
        125085750,
        122145951,
        117575267,
        113783683,
        168689112,
        118021572,
        110975023,
        139283079,
        118226013,
        127395526,
        262641446,
        117455262,
        109487340,
        117098034,
        124495626,
        114700110,
        117638362,
        113277376,
        112842206,
        132435712,
        126035889,
        116948956,
        127818944,
        120510736,
        117574649,
        119566165,
        122814945,
        120193405,
        126995615,
        126627251,
        124143653,
        124049939,
        117018236,
        115524057,
        121973058,
        124837082,
        131900641,
        120875080,
        122958765,
        120621153,
        133529361,
        116892974,
        134075567,
        119648437,
        117725891,
        118537158,
        120710537,
        134590535,
        119062024,
        139189982,
        123115884
      ],
      "customStats": {},
      "counters": {},
      "concurrency": 2,
      "pendingRequests": 2,
      "scenariosAvoided": 0
    },
    {
      "timestamp": "2020-03-26T12:39:55.713Z",
      "scenariosCreated": 189,
      "scenariosCompleted": 187,
      "requestsCompleted": 187,
      "latency": {
        "min": 111.7,
        "max": 301.9,
        "median": 120.7,
        "p95": 170.1,
        "p99": 250.7
      },
      "rps": {
        "count": 189,
        "mean": 19.01
      },
      "scenarioDuration": {
        "min": 114.5,
        "max": 307.5,
        "median": 126.4,
        "p95": 175.3,
        "p99": 255.7
      },
      "scenarioCounts": {
        "0": 189
      },
      "errors": {},
      "codes": {
        "200": 187
      },
      "matches": 0,
      "latencies": [
        130176969,
        130606882,
        114381851,
        121157771,
        119635756,
        112977984,
        120704352,
        138804299,
        127566254,
        123358986,
        112120633,
        113483055,
        130319861,
        124025814,
        116219031,
        116056036,
        126134243,
        123405380,
        120680845,
        134818172,
        115266110,
        117276493,
        124739346,
        115521583,
        126531990,
        301889699,
        129473954,
        174284782,
        122522357,
        144232025,
        117243090,
        119234298,
        113781519,
        118618193,
        114473091,
        123350944,
        114735987,
        130199238,
        121252413,
        118829128,
        123324964,
        120193405,
        116383574,
        119465337,
        165353113,
        142297107,
        121339324,
        117580835,
        126681995,
        131420314,
        126656324,
        142385874,
        133736276,
        188302723,
        198924661,
        167126581,
        129546637,
        126739832,
        139780416,
        122719065,
        127329338,
        120249077,
        117461139,
        131518978,
        117775378,
        117072053,
        115534883,
        119057693,
        119759781,
        115710868,
        116008405,
        161311624,
        172313679,
        117624135,
        119291516,
        125879698,
        118875831,
        149223652,
        116204804,
        281132334,
        126414150,
        123616006,
        124814813,
        118276736,
        111913409,
        115500860,
        118244261,
        121813774,
        114203391,
        120406815,
        120417640,
        128638872,
        192393699,
        133248217,
        125600099,
        113731105,
        114399171,
        113190466,
        114279476,
        112951695,
        123730133,
        114526598,
        119152336,
        121569435,
        119160996,
        116258930,
        123393317,
        121599436,
        122856081,
        128375356,
        114344736,
        119932984,
        124494079,
        119062641,
        114157924,
        121167359,
        119847619,
        128180195,
        114985584,
        117153396,
        116047376,
        121936253,
        137684979,
        125586490,
        120630432,
        116941533,
        116623892,
        120083917,
        116246249,
        116826477,
        121411697,
        120276295,
        148859309,
        170305461,
        158599771,
        121151276,
        150544628,
        114265558,
        111720103,
        117004009,
        124730995,
        116789053,
        117969612,
        118647266,
        115383331,
        129262090,
        115616226,
        142672895,
        124408406,
        161954328,
        115236727,
        127950083,
        118574891,
        119445233,
        129624578,
        133070066,
        113577387,
        123295581,
        120610019,
        130786270,
        118130443,
        123364244,
        118402309,
        125330089,
        114199060,
        115754478,
        118520766,
        115312504,
        113660895,
        125195239,
        121420048,
        121133955,
        118789229,
        115828708,
        140318271,
        170085247,
        138355209,
        143119200,
        187093709,
        125987948,
        114292465,
        115816955,
        118615099,
        120415166,
        119812360,
        128577323,
        113170671
      ],
      "customStats": {},
      "counters": {},
      "concurrency": 4,
      "pendingRequests": 4,
      "scenariosAvoided": 0
    },
    {
      "timestamp": "2020-03-26T12:40:05.716Z",
      "scenariosCreated": 227,
      "scenariosCompleted": 227,
      "requestsCompleted": 227,
      "latency": {
        "min": 111.8,
        "max": 622.5,
        "median": 121.7,
        "p95": 149.9,
        "p99": 241.4
      },
      "rps": {
        "count": 227,
        "mean": 22.72
      },
      "scenarioDuration": {
        "min": 117,
        "max": 627.9,
        "median": 127.2,
        "p95": 154.8,
        "p99": 245.5
      },
      "scenarioCounts": {
        "0": 227
      },
      "errors": {},
      "codes": {
        "200": 227
      },
      "matches": 0,
      "latencies": [
        146876142,
        118352512,
        130733072,
        138385829,
        120110824,
        114486081,
        119396365,
        116563271,
        118160444,
        140799218,
        164184307,
        118919131,
        248018225,
        126330333,
        123746526,
        120881884,
        117036793,
        114804649,
        124900485,
        119712151,
        123019076,
        120126599,
        117374848,
        127390887,
        115542305,
        123109698,
        123679410,
        118378184,
        125155959,
        118081575,
        151295274,
        124695427,
        126725295,
        118830056,
        118137556,
        123588479,
        117392786,
        147541734,
        129855927,
        123972616,
        124556246,
        116373058,
        117047928,
        113925647,
        113382535,
        122920413,
        116276251,
        116043973,
        120002883,
        125904440,
        120525274,
        127389032,
        125450403,
        117297525,
        116901015,
        117843731,
        124292731,
        118285397,
        239411929,
        132073225,
        156316594,
        114937644,
        117218656,
        124937292,
        124841721,
        124849453,
        123034232,
        120614040,
        113741001,
        115643753,
        116734000,
        119458842,
        120760952,
        128368861,
        122449055,
        118101679,
        119506782,
        127781211,
        115437456,
        114497834,
        111779177,
        122356269,
        115438693,
        121234165,
        118666132,
        134386094,
        120409599,
        120822501,
        116202020,
        120310007,
        120413311,
        131538153,
        116355429,
        118550766,
        121367160,
        121206639,
        121800165,
        120881575,
        117394951,
        126930974,
        135080450,
        117214944,
        117730531,
        121549641,
        114672274,
        140098676,
        127066751,
        129594268,
        121595416,
        116190886,
        120118248,
        133148625,
        137834365,
        124559030,
        128272363,
        116828642,
        117918888,
        121084160,
        141146241,
        141384084,
        119391417,
        122139766,
        112734263,
        123061449,
        123789517,
        123472495,
        124627383,
        142974452,
        116533888,
        116340582,
        124426654,
        121201071,
        126067436,
        125892069,
        114682480,
        124089529,
        123742196,
        123643842,
        121634386,
        117485264,
        116133048,
        127598420,
        114495669,
        116947099,
        122083475,
        116681110,
        622498542,
        124235513,
        124996056,
        118788302,
        131116901,
        137469713,
        120317740,
        145491452,
        134022678,
        124851000,
        122626897,
        118347873,
        116567292,
        117500729,
        120152269,
        120413619,
        123154546,
        121545310,
        119262752,
        126529824,
        117554545,
        117977344,
        123718380,
        119290898,
        112412293,
        126761792,
        118078173,
        155748119,
        127282636,
        124859660,
        129458180,
        121897901,
        114827227,
        119018104,
        134385166,
        131253607,
        120170827,
        162603837,
        149704288,
        126597249,
        124237987,
        124805534,
        121366851,
        115149198,
        115384877,
        124715222,
        122132343,
        127975136,
        115988301,
        120020822,
        120592388,
        199019923,
        128240506,
        116920192,
        116247177,
        117098342,
        118351275,
        122951342,
        127340164,
        123204031,
        128669800,
        116704307,
        139717630,
        134857760,
        204321458,
        122639887,
        120658268,
        125232663,
        131028753,
        170441239,
        129916856,
        125226478,
        123971070,
        134866420,
        123047841,
        127586358,
        121725318,
        118592831,
        117551143,
        118630564,
        121061581
      ],
      "customStats": {},
      "counters": {},
      "concurrency": 4,
      "pendingRequests": 4,
      "scenariosAvoided": 0
    },
    {
      "timestamp": "2020-03-26T12:40:15.715Z",
      "scenariosCreated": 278,
      "scenariosCompleted": 278,
      "requestsCompleted": 278,
      "latency": {
        "min": 115.7,
        "max": 255,
        "median": 128.6,
        "p95": 158.2,
        "p99": 201.1
      },
      "rps": {
        "count": 278,
        "mean": 27.83
      },
      "scenarioDuration": {
        "min": 120.2,
        "max": 259.7,
        "median": 134.3,
        "p95": 162.6,
        "p99": 205.9
      },
      "scenarioCounts": {
        "0": 278
      },
      "errors": {},
      "codes": {
        "200": 278
      },
      "matches": 0,
      "latencies": [
        134635072,
        119299249,
        129541997,
        139231737,
        122008318,
        127752447,
        116917099,
        128911974,
        118580768,
        121891096,
        120222478,
        131201028,
        126318889,
        121774185,
        143586846,
        126025063,
        147405956,
        142389276,
        134366300,
        125588656,
        117402065,
        119886899,
        146149621,
        122758654,
        179693952,
        130159959,
        126171977,
        118569634,
        118374163,
        132940164,
        124291803,
        127399547,
        129160025,
        124815122,
        133564311,
        133139037,
        131580836,
        138894920,
        117321959,
        116111399,
        126388789,
        126488690,
        121537269,
        119056765,
        157961706,
        125928566,
        125747631,
        129673136,
        115686744,
        123085883,
        118989031,
        130972462,
        165012585,
        124692953,
        121800784,
        118972020,
        122996808,
        123842406,
        125867945,
        116624510,
        122921031,
        127275213,
        117337733,
        116361305,
        123106915,
        122078836,
        144416052,
        136587619,
        201896627,
        134599504,
        137101658,
        126053209,
        121278084,
        118097658,
        125099978,
        139086679,
        120869512,
        130348007,
        125929803,
        147985564,
        127871524,
        134910031,
        129182603,
        129413333,
        124589031,
        121534795,
        120725693,
        125377102,
        135494279,
        127023142,
        121407677,
        119317188,
        136858865,
        124635734,
        133403480,
        121090346,
        127445013,
        202701089,
        138183553,
        124499646,
        118566541,
        116163669,
        254950338,
        132769746,
        132469425,
        135738309,
        126841279,
        134114537,
        126514669,
        126966541,
        136715045,
        198912908,
        138795947,
        137353729,
        135287983,
        119399149,
        126553021,
        121423760,
        142297726,
        127196963,
        124989252,
        156438763,
        142626191,
        124266751,
        122851442,
        138288094,
        124445830,
        130064388,
        133310694,
        128156070,
        125304728,
        122979796,
        116515641,
        132242097,
        124966674,
        140328478,
        126135480,
        124787286,
        120765591,
        117425262,
        138548515,
        123044438,
        119792257,
        152724812,
        152172421,
        152473359,
        127093041,
        139128433,
        118887893,
        129665095,
        127860698,
        125846603,
        126829836,
        126839424,
        122362764,
        133603281,
        132222612,
        165556626,
        138576042,
        126809732,
        125048327,
        122162034,
        128251950,
        134080825,
        126270021,
        130955761,
        123933646,
        124832751,
        117754037,
        130264499,
        132764797,
        123750237,
        131918271,
        127968640,
        121738926,
        132977279,
        131235978,
        148402178,
        127854822,
        123399193,
        124157882,
        141184283,
        123066398,
        139765571,
        131757131,
        154311468,
        133817000,
        140714472,
        133102851,
        130069027,
        124885640,
        121986976,
        126576527,
        127297791,
        133522248,
        128276074,
        127367072,
        137489507,
        118457053,
        133024909,
        123847354,
        131096798,
        119610394,
        134364444,
        169978232,
        168776951,
        133415543,
        127812449,
        125682680,
        117995592,
        192900934,
        117767955,
        157622106,
        137725805,
        128563405,
        130476053,
        135867283,
        136753398,
        125386690,
        131411036,
        135412008,
        127624092,
        135272827,
        132448703,
        132673247,
        129781387,
        141181500,
        137466929,
        121912438,
        123155783,
        123768176,
        142394844,
        127209334,
        124438407,
        140415698,
        128504949,
        132595616,
        126303424,
        129337557,
        120961990,
        135765527,
        127248923,
        132515510,
        134033813,
        140005580,
        132377875,
        141368310,
        158336875,
        128096068,
        136806596,
        131703315,
        137423320,
        124177985,
        135901614,
        128625263,
        134404033,
        127955959,
        127943279,
        132336739,
        133546990,
        127235314,
        126119088,
        142209888,
        147819785,
        143058579,
        141181808,
        154362810,
        142342883,
        139619895,
        152544187,
        141740077,
        136128323,
        182648596,
        138917189,
        166336964,
        139427826,
        158652969,
        131868475
      ],
      "customStats": {},
      "counters": {},
      "concurrency": 4,
      "pendingRequests": 4,
      "scenariosAvoided": 0
    },
    {
      "timestamp": "2020-03-26T12:40:25.710Z",
      "scenariosCreated": 299,
      "scenariosCompleted": 298,
      "requestsCompleted": 298,
      "latency": {
        "min": 116.4,
        "max": 286.5,
        "median": 148.2,
        "p95": 188.2,
        "p99": 250.6
      },
      "rps": {
        "count": 299,
        "mean": 29.93
      },
      "scenarioDuration": {
        "min": 119.2,
        "max": 288.8,
        "median": 151.5,
        "p95": 191.3,
        "p99": 254.7
      },
      "scenarioCounts": {
        "0": 299
      },
      "errors": {},
      "codes": {
        "200": 298
      },
      "matches": 0,
      "latencies": [
        143079301,
        131277422,
        150001206,
        140143832,
        143296114,
        137781477,
        140304972,
        127216757,
        134843224,
        169647292,
        151962104,
        134354855,
        126480028,
        122876802,
        143128169,
        130393472,
        136457408,
        132539325,
        134418569,
        127163868,
        149648307,
        127376041,
        144008408,
        134087320,
        148525275,
        128134419,
        132216736,
        123321562,
        127097062,
        132532830,
        128569900,
        267225120,
        125151011,
        134501150,
        131107313,
        137787972,
        133947831,
        175816386,
        132200034,
        135303757,
        126968089,
        133613488,
        131157728,
        129140539,
        134310009,
        136536895,
        126861383,
        132666752,
        149888315,
        128866817,
        134505480,
        123971070,
        152328611,
        142176484,
        127893483,
        141873690,
        129869226,
        142560932,
        140886436,
        144052326,
        130777610,
        124873269,
        134491561,
        199749228,
        129285905,
        135171690,
        122252347,
        119008516,
        137554767,
        116412029,
        127612957,
        138989563,
        127467282,
        152410883,
        145771359,
        136172551,
        150891961,
        144556469,
        141810904,
        144699052,
        136999902,
        138703779,
        137904575,
        154607149,
        134323308,
        128590004,
        133566166,
        150623497,
        141156756,
        142133493,
        151835913,
        145906828,
        161549467,
        130530797,
        269940375,
        183685645,
        140871900,
        135633150,
        135230146,
        134655485,
        170169992,
        148313103,
        142306695,
        135811919,
        145483720,
        139954546,
        154477557,
        130506363,
        142951565,
        153798975,
        142852592,
        137238674,
        168567252,
        139434012,
        150728347,
        145617024,
        153289265,
        139385144,
        148127838,
        141450272,
        160499120,
        150450913,
        130185939,
        157927066,
        154138885,
        196660970,
        231002340,
        286506554,
        151822304,
        160105703,
        132955938,
        121490567,
        141390579,
        175892780,
        140710451,
        149771713,
        161574829,
        149568819,
        141916682,
        128518558,
        127836574,
        125905368,
        155559452,
        166092315,
        161762568,
        154579314,
        130704927,
        129225594,
        122800099,
        162409911,
        152229020,
        138146439,
        130941224,
        124761305,
        141677600,
        138271083,
        214460287,
        137735084,
        165251047,
        160480253,
        162135572,
        133565239,
        140640551,
        136341424,
        202514897,
        161379358,
        172304401,
        160354062,
        146897483,
        126296620,
        128904242,
        136558236,
        155414705,
        165101042,
        157580971,
        147931748,
        161056769,
        174353445,
        148813843,
        171845105,
        161068212,
        161050274,
        156876409,
        127963692,
        173910542,
        142778362,
        133862776,
        155080053,
        140361572,
        168849324,
        162023918,
        152727905,
        146429528,
        150016052,
        124448923,
        166158194,
        163625111,
        178028736,
        167260812,
        134143301,
        124184789,
        141483366,
        151635803,
        148447334,
        150612362,
        185265498,
        136900310,
        135813775,
        130875036,
        136102961,
        159861983,
        150340498,
        174994912,
        150498544,
        135029416,
        126087231,
        136106364,
        149086328,
        149819343,
        160432312,
        167081115,
        151442496,
        153678353,
        150420294,
        152502742,
        149476960,
        167285246,
        159455885,
        147557507,
        156600522,
        126889528,
        133336055,
        168348585,
        150671128,
        151850141,
        148638784,
        168172908,
        145192679,
        143857165,
        153377104,
        156888780,
        180943173,
        177391289,
        155768223,
        160049721,
        137234034,
        144768952,
        170479901,
        153687012,
        164382562,
        169069539,
        156071018,
        189780510,
        143441789,
        180653060,
        163451599,
        170262470,
        174298392,
        160682837,
        161553798,
        161582253,
        205917085,
        165922207,
        182118165,
        160661496,
        158528325,
        160087764,
        128832796,
        141667703,
        162050517,
        156025553,
        152340365,
        172238831,
        170421444,
        188228493,
        188112201,
        172567297,
        166947811,
        162137428,
        156623409,
        160680673,
        141792965,
        180136855,
        134201757,
        167229574,
        204389812,
        183902766,
        232534253,
        196594472,
        203639783,
        171005074,
        175666071,
        183843383,
        174457367,
        166300158,
        166167782,
        159173813,
        177322627
      ],
      "customStats": {},
      "counters": {},
      "concurrency": 5,
      "pendingRequests": 5,
      "scenariosAvoided": 0
    },
    {
      "timestamp": "2020-03-26T12:40:35.714Z",
      "scenariosCreated": 300,
      "scenariosCompleted": 257,
      "requestsCompleted": 257,
      "latency": {
        "min": 147.5,
        "max": 1697.7,
        "median": 455.2,
        "p95": 1558.1,
        "p99": 1674.7
      },
      "rps": {
        "count": 300,
        "mean": 30
      },
      "scenarioDuration": {
        "min": 149.6,
        "max": 1700.1,
        "median": 457.5,
        "p95": 1560.3,
        "p99": 1680.5
      },
      "scenarioCounts": {
        "0": 300
      },
      "errors": {},
      "codes": {
        "200": 257
      },
      "matches": 0,
      "latencies": [
        169816783,
        149155608,
        175032336,
        161720505,
        167284319,
        188557578,
        200842877,
        220087196,
        217876082,
        219739244,
        361635203,
        237266076,
        338350942,
        321209793,
        288336003,
        238757163,
        207305177,
        231352766,
        267168830,
        569188121,
        211412235,
        240484236,
        239088721,
        271044849,
        256511014,
        242491527,
        209592684,
        222206140,
        228098728,
        208661722,
        207380953,
        189418640,
        194199950,
        175905152,
        180469651,
        147519155,
        147467504,
        156454538,
        175368844,
        227216324,
        260475489,
        257555794,
        261151288,
        237392576,
        204455691,
        211342646,
        195708048,
        220506901,
        215137321,
        180085203,
        215297843,
        184361134,
        198524440,
        168125586,
        223643100,
        186456881,
        217996705,
        249633027,
        262925065,
        267015112,
        271514351,
        279665064,
        278906376,
        257746007,
        241083021,
        225300274,
        190301972,
        200266670,
        167656394,
        187588573,
        193328063,
        193210533,
        208333565,
        202393037,
        201589502,
        219028805,
        223967544,
        206367101,
        221577044,
        220973929,
        187267840,
        183247073,
        200079240,
        237495879,
        226459183,
        260158468,
        187163917,
        221002074,
        201751570,
        208464395,
        215111341,
        193158572,
        254005457,
        315883205,
        302508587,
        269487575,
        290698358,
        295789267,
        268558468,
        286378508,
        265129373,
        252478803,
        253982879,
        263049399,
        253079753,
        247622644,
        239528530,
        271614870,
        278841735,
        310351866,
        294578398,
        290383810,
        297228083,
        282385267,
        310593731,
        311077770,
        289501716,
        328552332,
        319122397,
        324043506,
        347711596,
        385587840,
        403440045,
        440042942,
        374179377,
        421453390,
        430656306,
        397936542,
        443961643,
        470554686,
        486660332,
        455159789,
        475817251,
        514045157,
        502096984,
        545351468,
        541848143,
        540737793,
        547339273,
        568940070,
        599822035,
        572370093,
        567090827,
        597195236,
        615012183,
        649475104,
        635137359,
        712351858,
        679543637,
        681345559,
        679576422,
        701333719,
        713237973,
        739526984,
        731064508,
        764364190,
        784219974,
        752174771,
        830963246,
        812856495,
        818392163,
        827115062,
        867494079,
        862526267,
        929561730,
        877182890,
        909229640,
        933958285,
        924450098,
        943574722,
        962955437,
        976381087,
        943500801,
        962166129,
        957057591,
        991132044,
        1020392402,
        1011541148,
        1060797089,
        1046478519,
        1014669923,
        1019005547,
        1075416289,
        1048444056,
        1044465971,
        1074674302,
        1062853557,
        1129864896,
        1100677221,
        1121821197,
        1086917847,
        1112039909,
        1078903222,
        1135168906,
        1133686790,
        1167270091,
        1127236243,
        1170084318,
        1159922913,
        1133116769,
        1175604213,
        1177037153,
        1203369464,
        1183286662,
        1201041750,
        1237630729,
        1227210138,
        1282056801,
        1279616815,
        1258655938,
        1236053660,
        1217765976,
        1293401241,
        1324291557,
        1292340996,
        1324631157,
        1375720568,
        1349491558,
        1316421369,
        1383398377,
        1387196146,
        1373376151,
        1405483831,
        1387048924,
        1367684292,
        1356443155,
        1382314935,
        1380887872,
        1384113146,
        1447499918,
        1473639852,
        1503805811,
        1513772983,
        1487102927,
        1480977752,
        1480568252,
        1472369598,
        1472334650,
        1594161104,
        1561508456,
        1551693764,
        1590740978,
        1571874920,
        1549961123,
        1524264710,
        1520605503,
        1487136329,
        1531371570,
        1697684409,
        1693865918,
        1659586715,
        1675883192,
        1649842541,
        1637790446,
        1615065380,
        1581970448,
        1566443174
      ],
      "customStats": {},
      "counters": {},
      "concurrency": 48,
      "pendingRequests": 48,
      "scenariosAvoided": 0
    },
    {
      "timestamp": "2020-03-26T12:40:45.708Z",
      "scenariosCreated": 300,
      "scenariosCompleted": 224,
      "requestsCompleted": 224,
      "latency": {
        "min": 1576.7,
        "max": 4107.9,
        "median": 2707.1,
        "p95": 3857.7,
        "p99": 3993.7
      },
      "rps": {
        "count": 300,
        "mean": 30.03
      },
      "scenarioDuration": {
        "min": 1581.1,
        "max": 4121.1,
        "median": 2710.2,
        "p95": 3861.5,
        "p99": 3996.4
      },
      "scenarioCounts": {
        "0": 300
      },
      "errors": {},
      "codes": {
        "200": 224
      },
      "matches": 0,
      "latencies": [
        1610646558,
        1576733244,
        1592185980,
        1764477390,
        1740243918,
        1735412503,
        1711879572,
        1693449923,
        1652761927,
        1700156562,
        1733734297,
        1718411154,
        1750539556,
        1742891129,
        1863277841,
        1824574247,
        1858689218,
        1809560703,
        1748989705,
        1792425741,
        1700106458,
        1733735225,
        1856745641,
        1925355699,
        1903590360,
        1934609029,
        1934412321,
        1916837240,
        1919808277,
        1895641612,
        1831681417,
        1843034207,
        1941652485,
        1953403950,
        2005265659,
        1995974903,
        2004412637,
        1984354577,
        1977224829,
        2018522745,
        1983517949,
        2031751997,
        2017154138,
        2031075889,
        2003702817,
        2037473239,
        2050299485,
        2086710314,
        2078744247,
        2065415713,
        2123547034,
        2110441808,
        2164042343,
        2132889750,
        2120049586,
        2087514776,
        2142508043,
        2163672432,
        2157273536,
        2169394294,
        2146090547,
        2162430325,
        2147146771,
        2186103983,
        2280748815,
        2256013985,
        2289661619,
        2264754204,
        2266108894,
        2234879287,
        2243011134,
        2280559221,
        2267746583,
        2311524694,
        2313457755,
        2310877659,
        2276624436,
        2370291914,
        2338045363,
        2330511064,
        2299151247,
        2341792718,
        2398773790,
        2408454869,
        2377093505,
        2467337145,
        2490775433,
        2459646037,
        2479377177,
        2481141984,
        2447315581,
        2436238678,
        2419375890,
        2454703896,
        2427100711,
        2466279065,
        2607946767,
        2598482191,
        2569202348,
        2589868781,
        2569218740,
        2596434693,
        2608522665,
        2605798751,
        2572250399,
        2561028128,
        2626914581,
        2624936983,
        2637531880,
        2702659644,
        2691169220,
        2664255753,
        2783740266,
        2770674320,
        2759320911,
        2769472420,
        2768096081,
        2711489249,
        2779834864,
        2767782770,
        2773283798,
        2760193418,
        2739522036,
        2843251946,
        2895867703,
        2876192235,
        2902983533,
        2905177325,
        2884450580,
        2877803016,
        2856925956,
        2990373356,
        2924049877,
        2940921325,
        3000433006,
        2988070075,
        2969738780,
        2968360894,
        3037684174,
        3006443433,
        3025244849,
        3079218387,
        3110336031,
        3116667193,
        3087222807,
        3024166047,
        3068423247,
        3087510755,
        3052713182,
        3080127390,
        3200304403,
        3169921013,
        3341279297,
        3309143471,
        3306381513,
        3252444162,
        3286185201,
        3248171015,
        3206439784,
        3238375189,
        3196876545,
        3194102215,
        3193618795,
        3336259833,
        3370988743,
        3361745309,
        3396432157,
        3333038271,
        3367606970,
        3307661355,
        3283597993,
        3273106884,
        3346713208,
        3371081531,
        3404718030,
        3567354032,
        3536383302,
        3523532930,
        3490469546,
        3461326099,
        3460496273,
        3436050011,
        3453777263,
        3422939837,
        3421932479,
        3479564916,
        3569088838,
        3660643867,
        3632987177,
        3614244217,
        3582977495,
        3519031218,
        3562966138,
        3506404773,
        3511103503,
        3531275381,
        3567058042,
        3736751109,
        3802773339,
        3835973740,
        3744292831,
        3790205350,
        3725694309,
        3708640381,
        3675658339,
        3659326602,
        3629418900,
        3648535482,
        3623401359,
        3801364834,
        3869136098,
        3903977899,
        3961743330,
        3852781473,
        3888570939,
        3921810000,
        3823479053,
        3826239154,
        3935673296,
        3902875900,
        3882160599,
        3948022927,
        4084604360,
        4107858311
      ],
      "customStats": {},
      "counters": {},
      "concurrency": 124,
      "pendingRequests": 124,
      "scenariosAvoided": 0
    },
    {
      "timestamp": "2020-03-26T12:40:55.706Z",
      "scenariosCreated": 300,
      "scenariosCompleted": 104,
      "requestsCompleted": 104,
      "latency": {
        "min": 4164.7,
        "max": 10689.2,
        "median": 6597.4,
        "p95": 10530.8,
        "p99": 10680.5
      },
      "rps": {
        "count": 300,
        "mean": 30.03
      },
      "scenarioDuration": {
        "min": 4166.8,
        "max": 10691.4,
        "median": 6600.7,
        "p95": 10536.6,
        "p99": 10682.7
      },
      "scenarioCounts": {
        "0": 300
      },
      "errors": {},
      "codes": {
        "200": 104
      },
      "matches": 0,
      "latencies": [
        4243352281,
        4220743199,
        4287639791,
        4231223482,
        4165057432,
        4208470271,
        4186648950,
        4164663087,
        4167336279,
        4220254521,
        4210423437,
        4496848028,
        4750010671,
        4754077522,
        4721069190,
        4730544282,
        4706955680,
        4675550397,
        4666493156,
        4653988879,
        4804156174,
        4892371492,
        4894810860,
        5211270581,
        5229254853,
        5403267460,
        5436702612,
        5371153595,
        5403753973,
        5441308246,
        5415460591,
        5475013098,
        5458668062,
        5402475679,
        5436281051,
        5467406426,
        5825769652,
        5959991823,
        5950002073,
        5932660505,
        5906145402,
        6278818229,
        6302860868,
        6284382352,
        6254352480,
        6276412882,
        6488571743,
        6597972482,
        6591285638,
        6571824815,
        6596895226,
        6557943273,
        6591610391,
        6982191405,
        6976464905,
        7262702067,
        7275937504,
        7309720916,
        7315012245,
        7326855260,
        7360669290,
        7327567863,
        7591616577,
        7653662579,
        7860018855,
        8052576167,
        8035983699,
        8069647106,
        8003015266,
        8024674828,
        7975055161,
        8025690846,
        8041931960,
        8385591241,
        8367165613,
        8470131578,
        8627727704,
        8720387515,
        8688144367,
        8714471111,
        8687941473,
        8734184623,
        8780067450,
        8799679205,
        9106140206,
        9101766849,
        9045408996,
        9079116940,
        9287042553,
        9491860421,
        9664523907,
        9699159103,
        9682601276,
        9869185275,
        10145193606,
        10262890424,
        10246147023,
        10259243898,
        10505741964,
        10689173993,
        10673154638,
        10606796210,
        10589200405,
        10668390338
      ],
      "customStats": {},
      "counters": {},
      "concurrency": 320,
      "pendingRequests": 320,
      "scenariosAvoided": 0
    },
    {
      "timestamp": "2020-03-26T12:41:05.707Z",
      "scenariosCreated": 300,
      "scenariosCompleted": 92,
      "requestsCompleted": 92,
      "latency": {
        "min": 10814.4,
        "max": 16707.2,
        "median": 14195.8,
        "p95": 15664.7,
        "p99": 16692.4
      },
      "rps": {
        "count": 300,
        "mean": 30
      },
      "scenarioDuration": {
        "min": 10816.7,
        "max": 16713.5,
        "median": 14198.5,
        "p95": 15667.1,
        "p99": 16698.3
      },
      "scenarioCounts": {
        "0": 300
      },
      "errors": {},
      "codes": {
        "200": 92
      },
      "matches": 0,
      "latencies": [
        10814397068,
        11281840918,
        11273378750,
        11248680415,
        11233017362,
        11253988446,
        11263732311,
        11509723143,
        11509802939,
        11506175279,
        11472430220,
        11539338565,
        11518376142,
        11495241267,
        11654081047,
        11646266841,
        11837754321,
        12032628524,
        12029123343,
        12243182171,
        12223969091,
        12204618685,
        12470177971,
        12543268710,
        12591329556,
        12592332274,
        12742228322,
        12802280641,
        12837775662,
        12986508781,
        13036204532,
        13319412201,
        13424404013,
        13444350729,
        13458109485,
        13490891726,
        13482806582,
        13586300196,
        13706535045,
        13725284810,
        13955150510,
        13967101776,
        13963215241,
        13949313593,
        14062559422,
        14152154791,
        14239433579,
        14417478088,
        14461417339,
        14537666854,
        14526399737,
        14501316647,
        14468338625,
        14447939728,
        14426391820,
        14508564542,
        14515832852,
        14696583647,
        14674973880,
        14640154348,
        14596763159,
        14630575335,
        14579218388,
        14512931096,
        14545732204,
        14588628839,
        14584792099,
        14642302056,
        14792839261,
        14801108433,
        14785779104,
        14897609005,
        14937772136,
        14977830110,
        15002162554,
        15058624019,
        15076827269,
        15133152027,
        15170704754,
        15161165021,
        15245022445,
        15267621939,
        15269460976,
        15264147687,
        15432762570,
        15591544204,
        15603465159,
        15676135882,
        15671510763,
        15781542453,
        16671999750,
        16707153934
      ],
      "customStats": {},
      "counters": {},
      "concurrency": 528,
      "pendingRequests": 528,
      "scenariosAvoided": 0
    },
    {
      "timestamp": "2020-03-26T12:41:15.707Z",
      "scenariosCreated": 300,
      "scenariosCompleted": 32,
      "requestsCompleted": 32,
      "latency": {
        "min": 17603.9,
        "max": 22182.3,
        "median": 20142.4,
        "p95": 21034.8,
        "p99": 22182.3
      },
      "rps": {
        "count": 300,
        "mean": 30
      },
      "scenarioDuration": {
        "min": 17606.2,
        "max": 22185.5,
        "median": 20152.4,
        "p95": 21037,
        "p99": 22185.5
      },
      "scenarioCounts": {
        "0": 300
      },
      "errors": {},
      "codes": {
        "200": 32
      },
      "matches": 0,
      "latencies": [
        17635797073,
        17603908062,
        18905762502,
        19251298862,
        19267784625,
        19257797350,
        19415235738,
        19599945132,
        19624051486,
        19672824316,
        22182299409,
        19650456481,
        19648510120,
        19808413548,
        19842173144,
        20068370668,
        20110134684,
        20174610465,
        20201833223,
        20190331045,
        20497858478,
        20523879644,
        20501547686,
        20718636935,
        20709501135,
        20732715496,
        20793596403,
        20795548330,
        20833329312,
        20864333137,
        20926242432,
        21046890803
      ],
      "customStats": {},
      "counters": {},
      "concurrency": 796,
      "pendingRequests": 796,
      "scenariosAvoided": 0
    },
    {
      "timestamp": "2020-03-26T12:41:25.696Z",
      "scenariosCreated": 300,
      "scenariosCompleted": 0,
      "requestsCompleted": 0,
      "latency": {
        "min": null,
        "max": null,
        "median": null,
        "p95": null,
        "p99": null
      },
      "rps": {
        "count": 300,
        "mean": 30.03
      },
      "scenarioDuration": {
        "min": null,
        "max": null,
        "median": null,
        "p95": null,
        "p99": null
      },
      "scenarioCounts": {
        "0": 300
      },
      "errors": {},
      "codes": {},
      "matches": 0,
      "latencies": [],
      "customStats": {},
      "counters": {},
      "concurrency": 1096,
      "pendingRequests": 1096,
      "scenariosAvoided": 0
    },
    {
      "timestamp": "2020-03-26T12:41:35.696Z",
      "scenariosCreated": 300,
      "scenariosCompleted": 0,
      "requestsCompleted": 0,
      "latency": {
        "min": null,
        "max": null,
        "median": null,
        "p95": null,
        "p99": null
      },
      "rps": {
        "count": 300,
        "mean": 30.03
      },
      "scenarioDuration": {
        "min": null,
        "max": null,
        "median": null,
        "p95": null,
        "p99": null
      },
      "scenarioCounts": {
        "0": 300
      },
      "errors": {
        "ENOTFOUND": 346,
        "ETIMEDOUT": 122
      },
      "codes": {},
      "matches": 0,
      "latencies": [],
      "customStats": {},
      "counters": {},
      "concurrency": 928,
      "pendingRequests": 1396,
      "scenariosAvoided": 0
    },
    {
      "timestamp": "2020-03-26T12:41:45.696Z",
      "scenariosCreated": 300,
      "scenariosCompleted": 0,
      "requestsCompleted": 0,
      "latency": {
        "min": null,
        "max": null,
        "median": null,
        "p95": null,
        "p99": null
      },
      "rps": {
        "count": 300,
        "mean": 30.03
      },
      "scenarioDuration": {
        "min": null,
        "max": null,
        "median": null,
        "p95": null,
        "p99": null
      },
      "scenarioCounts": {
        "0": 300
      },
      "errors": {
        "ENOTFOUND": 300,
        "ETIMEDOUT": 284
      },
      "codes": {},
      "matches": 0,
      "latencies": [],
      "customStats": {},
      "counters": {},
      "concurrency": 644,
      "pendingRequests": 1696,
      "scenariosAvoided": 0
    },
    {
      "timestamp": "2020-03-26T12:41:55.696Z",
      "scenariosCreated": 300,
      "scenariosCompleted": 0,
      "requestsCompleted": 0,
      "latency": {
        "min": null,
        "max": null,
        "median": null,
        "p95": null,
        "p99": null
      },
      "rps": {
        "count": 300,
        "mean": 30
      },
      "scenarioDuration": {
        "min": null,
        "max": null,
        "median": null,
        "p95": null,
        "p99": null
      },
      "scenarioCounts": {
        "0": 300
      },
      "errors": {
        "ENOTFOUND": 300,
        "ECONNRESET": 31
      },
      "codes": {},
      "matches": 0,
      "latencies": [],
      "customStats": {},
      "counters": {},
      "concurrency": 613,
      "pendingRequests": 1996,
      "scenariosAvoided": 0
    },
    {
      "timestamp": "2020-03-26T12:42:05.696Z",
      "scenariosCreated": 300,
      "scenariosCompleted": 0,
      "requestsCompleted": 0,
      "latency": {
        "min": null,
        "max": null,
        "median": null,
        "p95": null,
        "p99": null
      },
      "rps": {
        "count": 300,
        "mean": 30
      },
      "scenarioDuration": {
        "min": null,
        "max": null,
        "median": null,
        "p95": null,
        "p99": null
      },
      "scenarioCounts": {
        "0": 300
      },
      "errors": {
        "ENOTFOUND": 148,
        "ECONNRESET": 90
      },
      "codes": {},
      "matches": 0,
      "latencies": [],
      "customStats": {},
      "counters": {},
      "concurrency": 675,
      "pendingRequests": 2296,
      "scenariosAvoided": 0
    },
    {
      "timestamp": "2020-03-26T12:42:15.696Z",
      "scenariosCreated": 300,
      "scenariosCompleted": 0,
      "requestsCompleted": 0,
      "latency": {
        "min": null,
        "max": null,
        "median": null,
        "p95": null,
        "p99": null
      },
      "rps": {
        "count": 300,
        "mean": 30
      },
      "scenarioDuration": {
        "min": null,
        "max": null,
        "median": null,
        "p95": null,
        "p99": null
      },
      "scenarioCounts": {
        "0": 300
      },
      "errors": {
        "ENOTFOUND": 333
      },
      "codes": {},
      "matches": 0,
      "latencies": [],
      "customStats": {},
      "counters": {},
      "concurrency": 642,
      "pendingRequests": 2596,
      "scenariosAvoided": 0
    },
    {
      "timestamp": "2020-03-26T12:42:25.697Z",
      "scenariosCreated": 300,
      "scenariosCompleted": 107,
      "requestsCompleted": 107,
      "latency": {
        "min": 2106.7,
        "max": 93704.7,
        "median": 90239,
        "p95": 93476.1,
        "p99": 93666.1
      },
      "rps": {
        "count": 300,
        "mean": 30
      },
      "scenarioDuration": {
        "min": 2108.8,
        "max": 93706.9,
        "median": 90243.2,
        "p95": 93478.7,
        "p99": 93668.2
      },
      "scenarioCounts": {
        "0": 300
      },
      "errors": {
        "ENOTFOUND": 325
      },
      "codes": {
        "200": 107
      },
      "matches": 0,
      "latencies": [
        82056604048,
        74435578963,
        76636046979,
        74404657718,
        74604334263,
        74700676479,
        74810574246,
        90427927753,
        89961846633,
        90129010947,
        90008071535,
        89808302513,
        90176726316,
        90564236701,
        90866408471,
        90000050105,
        90391840132,
        90960453283,
        90461016190,
        90659399904,
        90894991795,
        90795552352,
        90887664102,
        90654607459,
        90778457287,
        90679054959,
        90379428025,
        76111672162,
        90286779657,
        90386953045,
        90520876749,
        90258003646,
        90225165424,
        90360187417,
        91308105805,
        76506783033,
        90875355297,
        91474383075,
        91642056170,
        91177892957,
        76530481125,
        90745426068,
        90574626672,
        90479510171,
        90812203894,
        90445759854,
        90245346890,
        90412884516,
        76714287393,
        90013642153,
        90049216353,
        89981920157,
        76684806512,
        90118212714,
        90751901050,
        76751864244,
        90085565014,
        76887753177,
        90087171156,
        90021557497,
        89921603395,
        90055201109,
        89788536732,
        90180211394,
        90239049751,
        90041628237,
        90189464416,
        90030234930,
        76998301999,
        91231879795,
        90098956642,
        90787883202,
        90821667851,
        91155400478,
        91261953895,
        90796399187,
        77276886405,
        91140100532,
        77304947337,
        91340838249,
        91085238094,
        91074603166,
        90552389665,
        91130035625,
        90721142492,
        77533938676,
        77466661037,
        77453382610,
        77388892291,
        78584501366,
        92167754130,
        79536862701,
        79505255452,
        92840807011,
        2106687340,
        2389972949,
        2492497868,
        2935794228,
        2861384369,
        3027871338,
        2734789284,
        93602935964,
        93636881135,
        93570586729,
        93504418514,
        93704735907,
        93471046147
      ],
      "customStats": {},
      "counters": {},
      "concurrency": 510,
      "pendingRequests": 2789,
      "scenariosAvoided": 0
    },
    {
      "timestamp": "2020-03-26T12:42:35.697Z",
      "scenariosCreated": 300,
      "scenariosCompleted": 69,
      "requestsCompleted": 70,
      "latency": {
        "min": 3490.7,
        "max": 100595.9,
        "median": 92422.7,
        "p95": 95172.2,
        "p99": 99884.8
      },
      "rps": {
        "count": 300,
        "mean": 30
      },
      "scenarioDuration": {
        "min": 3494.7,
        "max": 100598.2,
        "median": 92343,
        "p95": 95212.2,
        "p99": 99922.6
      },
      "scenarioCounts": {
        "0": 300
      },
      "errors": {},
      "codes": {
        "200": 70
      },
      "matches": 0,
      "latencies": [
        95930077316,
        93678293797,
        3635852127,
        3490669037,
        93862469975,
        92896164002,
        3525424856,
        93326467410,
        94662221245,
        93928818198,
        94163021068,
        94057878631,
        93324869310,
        92759002343,
        3660556029,
        93959605828,
        81560127168,
        93357584125,
        94592163402,
        94401919885,
        94602725646,
        93971022333,
        93446074092,
        5036011226,
        92769936664,
        93165161972,
        92870255727,
        92539054638,
        93106312171,
        92839716765,
        97040473040,
        94994258963,
        94204555900,
        95105126663,
        95172245945,
        3971060684,
        4706108844,
        5178883612,
        93391004431,
        92790845889,
        4922878907,
        83739347906,
        92613452434,
        92280549323,
        92216182103,
        5785401462,
        92737979299,
        92169864104,
        92186851845,
        4588690386,
        92088004692,
        91735501579,
        92337563799,
        92507768741,
        7189953402,
        92090779020,
        91968634306,
        8415822461,
        7383703646,
        7602261094,
        8535831528,
        5601506736,
        5585998947,
        100595940448,
        7703417405,
        7736863072,
        7291392404,
        10569530195,
        12145099891,
        12435726803
      ],
      "customStats": {},
      "counters": {},
      "concurrency": 741,
      "pendingRequests": 3019,
      "scenariosAvoided": 0
    },
    {
      "timestamp": "2020-03-26T12:42:45.704Z",
      "scenariosCreated": 300,
      "scenariosCompleted": 174,
      "requestsCompleted": 174,
      "latency": {
        "min": 7842.1,
        "max": 107590.8,
        "median": 14156.4,
        "p95": 101952.1,
        "p99": 107512.4
      },
      "rps": {
        "count": 300,
        "mean": 29.97
      },
      "scenarioDuration": {
        "min": 7846.1,
        "max": 107592.9,
        "median": 14158.4,
        "p95": 101954.5,
        "p99": 107514.5
      },
      "scenarioCounts": {
        "0": 300
      },
      "errors": {
        "ENOTFOUND": 2,
        "ETIMEDOUT": 4
      },
      "codes": {
        "200": 174
      },
      "matches": 0,
      "latencies": [
        11224945518,
        12929892052,
        102398972663,
        13092826519,
        102505738253,
        10126615807,
        97124207368,
        97290745679,
        97400297042,
        97426091809,
        10710720045,
        10028276198,
        98066216465,
        14006750249,
        98033978883,
        9521676264,
        104119203678,
        101924159984,
        101789335627,
        101958055978,
        13761576871,
        101928425709,
        14152114583,
        9907100180,
        17407418748,
        13374286082,
        17839581605,
        11075150609,
        9483067004,
        9522086691,
        10041053577,
        103173425885,
        9339929247,
        17242981751,
        9780287355,
        16213126010,
        8312209770,
        8477924443,
        13826315239,
        8259733813,
        16940444400,
        11405476408,
        14974179872,
        14105750191,
        9515899040,
        11520324049,
        12853897082,
        7842093657,
        12722202428,
        16991557317,
        10263152702,
        12701874976,
        12819835927,
        10655042320,
        13532772653,
        18663314275,
        15034200644,
        14235136616,
        10878409223,
        8210361269,
        9412445634,
        11444168248,
        12443514101,
        12505343599,
        9644211611,
        16545761586,
        8446984023,
        10045115789,
        13215613628,
        12915735240,
        8282421764,
        11482595337,
        9449625976,
        16114548248,
        13418469981,
        8918554726,
        8952650830,
        9086190398,
        17292774001,
        12537902223,
        12504988534,
        12374244328,
        15472387847,
        9809280796,
        10007554403,
        15208380268,
        9342099533,
        14727936041,
        16763267448,
        9161882263,
        13933449193,
        11355548689,
        16128651553,
        10893967736,
        17263097030,
        15248392775,
        12237573202,
        9414212298,
        10947736216,
        18114461647,
        13914751081,
        12150178739,
        9183746575,
        15025881677,
        13005902795,
        14974772780,
        16914502411,
        11779365981,
        12912944210,
        17848483274,
        16982629669,
        16718630749,
        13244024677,
        11675705660,
        14422593741,
        16157587157,
        13593421283,
        107518927915,
        107456524684,
        16091284710,
        107590791701,
        19490088809,
        107491588555,
        14492856334,
        14259354005,
        14793144530,
        13531740863,
        14917823256,
        18584624154,
        12351415650,
        14554923676,
        18024471625,
        18893239358,
        16231717418,
        18665411878,
        15045804886,
        14809890716,
        19285461464,
        12055958869,
        16365912680,
        16046292018,
        14650749069,
        19906589852,
        15219994717,
        14720201941,
        16101095690,
        14978526011,
        15445621292,
        12043941416,
        20244235303,
        12047448142,
        14311261179,
        14283196843,
        16416520837,
        16917626238,
        14885044417,
        13258675423,
        16960233068,
        20760887463,
        19158377392,
        14627397692,
        11660814286,
        20961183825,
        12157634787,
        14025200621,
        14160729540,
        13792852252,
        19360262575,
        11697798228,
        11731345033,
        20764613168,
        20743755904,
        13144115112,
        19391667239
      ],
      "customStats": {},
      "counters": {},
      "concurrency": 861,
      "pendingRequests": 3145,
      "scenariosAvoided": 0
    },
    {
      "timestamp": "2020-03-26T12:42:55.700Z",
      "scenariosCreated": 300,
      "scenariosCompleted": 131,
      "requestsCompleted": 131,
      "latency": {
        "min": 11856.3,
        "max": 125379.4,
        "median": 19799.8,
        "p95": 26944.7,
        "p99": 119802
      },
      "rps": {
        "count": 300,
        "mean": 30.03
      },
      "scenarioDuration": {
        "min": 11858.8,
        "max": 125381.4,
        "median": 19803.7,
        "p95": 26948.5,
        "p99": 119804
      },
      "scenarioCounts": {
        "0": 300
      },
      "errors": {
        "ETIMEDOUT": 15
      },
      "codes": {
        "200": 131
      },
      "matches": 0,
      "latencies": [
        12018053862,
        11887628843,
        22388701769,
        22155513678,
        14855730242,
        13556646111,
        11856348203,
        13457590496,
        13756530808,
        18523444783,
        17628514537,
        21798862371,
        13031205482,
        19026270455,
        16933419192,
        22470476436,
        14454851426,
        20391795285,
        22656467527,
        17924614641,
        21800390881,
        20833940469,
        13069159048,
        20901881224,
        13167812586,
        19701317636,
        13102914314,
        21603597535,
        14301770004,
        13600706913,
        20746751066,
        20872679012,
        15042970864,
        14377812913,
        14055786595,
        23255651497,
        17522777645,
        16022068753,
        18150900930,
        21883806639,
        19084261667,
        19022757231,
        15323148112,
        21790791454,
        15157647467,
        21757828587,
        20574884929,
        19808179725,
        23015857904,
        19616197072,
        21517454767,
        23051760879,
        111018557077,
        13718436516,
        14254484857,
        22786725531,
        19799777868,
        117628481752,
        14133835868,
        19173562282,
        19106302274,
        22708561511,
        20340086366,
        15475551572,
        18909270156,
        21742678338,
        24640853962,
        14042293519,
        18876556268,
        19942468701,
        19876000785,
        19784845049,
        21090783660,
        21290021941,
        15693232492,
        17825231797,
        18557410676,
        15393454624,
        21726859713,
        117694493776,
        21395892137,
        15928888716,
        21463994342,
        21329810523,
        20764344395,
        22566818343,
        15431635208,
        17639388856,
        18206393391,
        17607410768,
        17575308965,
        15873570695,
        25640090016,
        19108839687,
        26288639725,
        17757611467,
        16765449178,
        15901986073,
        18433188153,
        21566790506,
        16011006694,
        24879246162,
        22912755852,
        23611006571,
        19811089832,
        19011275468,
        24680046233,
        19478371058,
        21445137872,
        22612772616,
        20146693661,
        21847248280,
        26945651912,
        18885739391,
        18995708914,
        20029808729,
        20730938008,
        23165608586,
        19463886399,
        18765901051,
        20798980519,
        20362674107,
        18957344921,
        25760592711,
        118493713995,
        23206198538,
        26925718805,
        22451578522,
        25655471305,
        31695594229,
        125379352867
      ],
      "customStats": {},
      "counters": {},
      "concurrency": 1015,
      "pendingRequests": 3314,
      "scenariosAvoided": 0
    },
    {
      "timestamp": "2020-03-26T12:43:05.699Z",
      "scenariosCreated": 300,
      "scenariosCompleted": 1,
      "requestsCompleted": 1,
      "latency": {
        "min": 27422.4,
        "max": 27422.4,
        "median": 27422.4,
        "p95": 27422.4,
        "p99": 27422.4
      },
      "rps": {
        "count": 300,
        "mean": 30
      },
      "scenarioDuration": {
        "min": 27426.6,
        "max": 27426.6,
        "median": 27426.6,
        "p95": 27426.6,
        "p99": 27426.6
      },
      "scenarioCounts": {
        "0": 300
      },
      "errors": {},
      "codes": {
        "200": 1
      },
      "matches": 0,
      "latencies": [
        27422438477
      ],
      "customStats": {},
      "counters": {},
      "concurrency": 1314,
      "pendingRequests": 3613,
      "scenariosAvoided": 0
    },
    {
      "timestamp": "2020-03-26T12:43:15.699Z",
      "scenariosCreated": 300,
      "scenariosCompleted": 0,
      "requestsCompleted": 0,
      "latency": {
        "min": null,
        "max": null,
        "median": null,
        "p95": null,
        "p99": null
      },
      "rps": {
        "count": 300,
        "mean": 30
      },
      "scenarioDuration": {
        "min": null,
        "max": null,
        "median": null,
        "p95": null,
        "p99": null
      },
      "scenarioCounts": {
        "0": 300
      },
      "errors": {},
      "codes": {},
      "matches": 0,
      "latencies": [],
      "customStats": {},
      "counters": {},
      "concurrency": 1614,
      "pendingRequests": 3913,
      "scenariosAvoided": 0
    },
    {
      "timestamp": "2020-03-26T12:43:25.706Z",
      "scenariosCreated": 61,
      "scenariosCompleted": 0,
      "requestsCompleted": 0,
      "latency": {
        "min": null,
        "max": null,
        "median": null,
        "p95": null,
        "p99": null
      },
      "rps": {
        "count": 61,
        "mean": 6.1
      },
      "scenarioDuration": {
        "min": null,
        "max": null,
        "median": null,
        "p95": null,
        "p99": null
      },
      "scenarioCounts": {
        "0": 61
      },
      "errors": {
        "ETIMEDOUT": 914
      },
      "codes": {},
      "matches": 0,
      "latencies": [],
      "customStats": {},
      "counters": {},
      "concurrency": 761,
      "pendingRequests": 3974,
      "scenariosAvoided": 0
    },
    {
      "timestamp": "2020-03-26T12:43:35.705Z",
      "scenariosCreated": 0,
      "scenariosCompleted": 0,
      "requestsCompleted": 0,
      "latency": {
        "min": null,
        "max": null,
        "median": null,
        "p95": null,
        "p99": null
      },
      "rps": {
        "count": 0,
        "mean": null
      },
      "scenarioDuration": {
        "min": null,
        "max": null,
        "median": null,
        "p95": null,
        "p99": null
      },
      "scenarioCounts": {},
      "errors": {
        "ETIMEDOUT": 300
      },
      "codes": {},
      "matches": 0,
      "latencies": [],
      "customStats": {},
      "counters": {},
      "concurrency": 461,
      "pendingRequests": 3974,
      "scenariosAvoided": 0
    },
    {
      "timestamp": "2020-03-26T12:43:45.721Z",
      "scenariosCreated": 0,
      "scenariosCompleted": 0,
      "requestsCompleted": 0,
      "latency": {
        "min": null,
        "max": null,
        "median": null,
        "p95": null,
        "p99": null
      },
      "rps": {
        "count": 0,
        "mean": null
      },
      "scenarioDuration": {
        "min": null,
        "max": null,
        "median": null,
        "p95": null,
        "p99": null
      },
      "scenarioCounts": {},
      "errors": {
        "ETIMEDOUT": 91
      },
      "codes": {},
      "matches": 0,
      "latencies": [],
      "customStats": {},
      "counters": {},
      "concurrency": 370,
      "pendingRequests": 3974,
      "scenariosAvoided": 0
    },
    {
      "timestamp": "2020-03-26T12:43:55.721Z",
      "scenariosCreated": 0,
      "scenariosCompleted": 0,
      "requestsCompleted": 0,
      "latency": {
        "min": null,
        "max": null,
        "median": null,
        "p95": null,
        "p99": null
      },
      "rps": {
        "count": 0,
        "mean": null
      },
      "scenarioDuration": {
        "min": null,
        "max": null,
        "median": null,
        "p95": null,
        "p99": null
      },
      "scenarioCounts": {},
      "errors": {
        "ECONNRESET": 1
      },
      "codes": {},
      "matches": 0,
      "latencies": [],
      "customStats": {},
      "counters": {},
      "concurrency": 369,
      "pendingRequests": 3974,
      "scenariosAvoided": 0
    },
    {
      "timestamp": "2020-03-26T12:44:05.738Z",
      "scenariosCreated": 0,
      "scenariosCompleted": 0,
      "requestsCompleted": 0,
      "latency": {
        "min": null,
        "max": null,
        "median": null,
        "p95": null,
        "p99": null
      },
      "rps": {
        "count": 0,
        "mean": null
      },
      "scenarioDuration": {
        "min": null,
        "max": null,
        "median": null,
        "p95": null,
        "p99": null
      },
      "scenarioCounts": {},
      "errors": {
        "ECONNRESET": 8
      },
      "codes": {},
      "matches": 0,
      "latencies": [],
      "customStats": {},
      "counters": {},
      "concurrency": 361,
      "pendingRequests": 3974,
      "scenariosAvoided": 0
    },
    {
      "timestamp": "2020-03-26T12:44:15.765Z",
      "scenariosCreated": 0,
      "scenariosCompleted": 0,
      "requestsCompleted": 0,
      "latency": {
        "min": null,
        "max": null,
        "median": null,
        "p95": null,
        "p99": null
      },
      "rps": {
        "count": 0,
        "mean": null
      },
      "scenarioDuration": {
        "min": null,
        "max": null,
        "median": null,
        "p95": null,
        "p99": null
      },
      "scenarioCounts": {},
      "errors": {},
      "codes": {},
      "matches": 0,
      "latencies": [],
      "customStats": {},
      "counters": {},
      "concurrency": 361,
      "pendingRequests": 3974,
      "scenariosAvoided": 0
    },
    {
      "timestamp": "2020-03-26T12:44:25.765Z",
      "scenariosCreated": 0,
      "scenariosCompleted": 0,
      "requestsCompleted": 0,
      "latency": {
        "min": null,
        "max": null,
        "median": null,
        "p95": null,
        "p99": null
      },
      "rps": {
        "count": 0,
        "mean": null
      },
      "scenarioDuration": {
        "min": null,
        "max": null,
        "median": null,
        "p95": null,
        "p99": null
      },
      "scenarioCounts": {},
      "errors": {
        "ESOCKETTIMEDOUT": 3
      },
      "codes": {},
      "matches": 0,
      "latencies": [],
      "customStats": {},
      "counters": {},
      "concurrency": 358,
      "pendingRequests": 3974,
      "scenariosAvoided": 0
    },
    {
      "timestamp": "2020-03-26T12:44:35.780Z",
      "scenariosCreated": 0,
      "scenariosCompleted": 0,
      "requestsCompleted": 0,
      "latency": {
        "min": null,
        "max": null,
        "median": null,
        "p95": null,
        "p99": null
      },
      "rps": {
        "count": 0,
        "mean": null
      },
      "scenarioDuration": {
        "min": null,
        "max": null,
        "median": null,
        "p95": null,
        "p99": null
      },
      "scenarioCounts": {},
      "errors": {
        "ESOCKETTIMEDOUT": 47
      },
      "codes": {},
      "matches": 0,
      "latencies": [],
      "customStats": {},
      "counters": {},
      "concurrency": 311,
      "pendingRequests": 3974,
      "scenariosAvoided": 0
    },
    {
      "timestamp": "2020-03-26T12:44:45.780Z",
      "scenariosCreated": 0,
      "scenariosCompleted": 0,
      "requestsCompleted": 0,
      "latency": {
        "min": null,
        "max": null,
        "median": null,
        "p95": null,
        "p99": null
      },
      "rps": {
        "count": 0,
        "mean": null
      },
      "scenarioDuration": {
        "min": null,
        "max": null,
        "median": null,
        "p95": null,
        "p99": null
      },
      "scenarioCounts": {},
      "errors": {
        "ESOCKETTIMEDOUT": 14
      },
      "codes": {},
      "matches": 0,
      "latencies": [],
      "customStats": {},
      "counters": {},
      "concurrency": 297,
      "pendingRequests": 3974,
      "scenariosAvoided": 0
    },
    {
      "timestamp": "2020-03-26T12:44:55.781Z",
      "scenariosCreated": 0,
      "scenariosCompleted": 0,
      "requestsCompleted": 0,
      "latency": {
        "min": null,
        "max": null,
        "median": null,
        "p95": null,
        "p99": null
      },
      "rps": {
        "count": 0,
        "mean": null
      },
      "scenarioDuration": {
        "min": null,
        "max": null,
        "median": null,
        "p95": null,
        "p99": null
      },
      "scenarioCounts": {},
      "errors": {
        "ECONNRESET": 8
      },
      "codes": {},
      "matches": 0,
      "latencies": [],
      "customStats": {},
      "counters": {},
      "concurrency": 289,
      "pendingRequests": 3974,
      "scenariosAvoided": 0
    },
    {
      "timestamp": "2020-03-26T12:45:05.781Z",
      "scenariosCreated": 0,
      "scenariosCompleted": 0,
      "requestsCompleted": 0,
      "latency": {
        "min": null,
        "max": null,
        "median": null,
        "p95": null,
        "p99": null
      },
      "rps": {
        "count": 0,
        "mean": null
      },
      "scenarioDuration": {
        "min": null,
        "max": null,
        "median": null,
        "p95": null,
        "p99": null
      },
      "scenarioCounts": {},
      "errors": {
        "ECONNRESET": 8
      },
      "codes": {},
      "matches": 0,
      "latencies": [],
      "customStats": {},
      "counters": {},
      "concurrency": 281,
      "pendingRequests": 3974,
      "scenariosAvoided": 0
    },
    {
      "timestamp": "2020-03-26T12:45:15.781Z",
      "scenariosCreated": 0,
      "scenariosCompleted": 0,
      "requestsCompleted": 0,
      "latency": {
        "min": null,
        "max": null,
        "median": null,
        "p95": null,
        "p99": null
      },
      "rps": {
        "count": 0,
        "mean": null
      },
      "scenarioDuration": {
        "min": null,
        "max": null,
        "median": null,
        "p95": null,
        "p99": null
      },
      "scenarioCounts": {},
      "errors": {
        "ESOCKETTIMEDOUT": 242
      },
      "codes": {},
      "matches": 0,
      "latencies": [],
      "customStats": {},
      "counters": {},
      "concurrency": 39,
      "pendingRequests": 3974,
      "scenariosAvoided": 0
    },
    {
      "timestamp": "2020-03-26T12:45:25.798Z",
      "scenariosCreated": 0,
      "scenariosCompleted": 0,
      "requestsCompleted": 0,
      "latency": {
        "min": null,
        "max": null,
        "median": null,
        "p95": null,
        "p99": null
      },
      "rps": {
        "count": 0,
        "mean": null
      },
      "scenarioDuration": {
        "min": null,
        "max": null,
        "median": null,
        "p95": null,
        "p99": null
      },
      "scenarioCounts": {},
      "errors": {
        "ESOCKETTIMEDOUT": 32
      },
      "codes": {},
      "matches": 0,
      "latencies": [],
      "customStats": {},
      "counters": {},
      "concurrency": 7,
      "pendingRequests": 3974,
      "scenariosAvoided": 0
    },
    {
      "timestamp": "2020-03-26T12:45:35.812Z",
      "scenariosCreated": 0,
      "scenariosCompleted": 0,
      "requestsCompleted": 0,
      "latency": {
        "min": null,
        "max": null,
        "median": null,
        "p95": null,
        "p99": null
      },
      "rps": {
        "count": 0,
        "mean": null
      },
      "scenarioDuration": {
        "min": null,
        "max": null,
        "median": null,
        "p95": null,
        "p99": null
      },
      "scenarioCounts": {},
      "errors": {},
      "codes": {},
      "matches": 0,
      "latencies": [],
      "customStats": {},
      "counters": {},
      "concurrency": 7,
      "pendingRequests": 3974,
      "scenariosAvoided": 0
    },
    {
      "timestamp": "2020-03-26T12:45:45.812Z",
      "scenariosCreated": 0,
      "scenariosCompleted": 0,
      "requestsCompleted": 0,
      "latency": {
        "min": null,
        "max": null,
        "median": null,
        "p95": null,
        "p99": null
      },
      "rps": {
        "count": 0,
        "mean": null
      },
      "scenarioDuration": {
        "min": null,
        "max": null,
        "median": null,
        "p95": null,
        "p99": null
      },
      "scenarioCounts": {},
      "errors": {},
      "codes": {},
      "matches": 0,
      "latencies": [],
      "customStats": {},
      "counters": {},
      "concurrency": 7,
      "pendingRequests": 3974,
      "scenariosAvoided": 0
    },
    {
      "timestamp": "2020-03-26T12:45:55.815Z",
      "scenariosCreated": 0,
      "scenariosCompleted": 0,
      "requestsCompleted": 0,
      "latency": {
        "min": null,
        "max": null,
        "median": null,
        "p95": null,
        "p99": null
      },
      "rps": {
        "count": 0,
        "mean": null
      },
      "scenarioDuration": {
        "min": null,
        "max": null,
        "median": null,
        "p95": null,
        "p99": null
      },
      "scenarioCounts": {},
      "errors": {},
      "codes": {},
      "matches": 0,
      "latencies": [],
      "customStats": {},
      "counters": {},
      "concurrency": 7,
      "pendingRequests": 3974,
      "scenariosAvoided": 0
    },
    {
      "timestamp": "2020-03-26T12:46:05.813Z",
      "scenariosCreated": 0,
      "scenariosCompleted": 0,
      "requestsCompleted": 0,
      "latency": {
        "min": null,
        "max": null,
        "median": null,
        "p95": null,
        "p99": null
      },
      "rps": {
        "count": 0,
        "mean": null
      },
      "scenarioDuration": {
        "min": null,
        "max": null,
        "median": null,
        "p95": null,
        "p99": null
      },
      "scenarioCounts": {},
      "errors": {},
      "codes": {},
      "matches": 0,
      "latencies": [],
      "customStats": {},
      "counters": {},
      "concurrency": 7,
      "pendingRequests": 3974,
      "scenariosAvoided": 0
    },
    {
      "timestamp": "2020-03-26T12:46:15.813Z",
      "scenariosCreated": 0,
      "scenariosCompleted": 0,
      "requestsCompleted": 0,
      "latency": {
        "min": null,
        "max": null,
        "median": null,
        "p95": null,
        "p99": null
      },
      "rps": {
        "count": 0,
        "mean": null
      },
      "scenarioDuration": {
        "min": null,
        "max": null,
        "median": null,
        "p95": null,
        "p99": null
      },
      "scenarioCounts": {},
      "errors": {},
      "codes": {},
      "matches": 0,
      "latencies": [],
      "customStats": {},
      "counters": {},
      "concurrency": 7,
      "pendingRequests": 3974,
      "scenariosAvoided": 0
    },
    {
      "timestamp": "2020-03-26T12:46:25.828Z",
      "scenariosCreated": 0,
      "scenariosCompleted": 0,
      "requestsCompleted": 0,
      "latency": {
        "min": null,
        "max": null,
        "median": null,
        "p95": null,
        "p99": null
      },
      "rps": {
        "count": 0,
        "mean": null
      },
      "scenarioDuration": {
        "min": null,
        "max": null,
        "median": null,
        "p95": null,
        "p99": null
      },
      "scenarioCounts": {},
      "errors": {
        "ESOCKETTIMEDOUT": 1
      },
      "codes": {},
      "matches": 0,
      "latencies": [],
      "customStats": {},
      "counters": {},
      "concurrency": 6,
      "pendingRequests": 3974,
      "scenariosAvoided": 0
    },
    {
      "timestamp": "2020-03-26T12:46:33.578Z",
      "scenariosCreated": 0,
      "scenariosCompleted": 0,
      "requestsCompleted": 0,
      "latency": {
        "min": null,
        "max": null,
        "median": null,
        "p95": null,
        "p99": null
      },
      "rps": {
        "count": 0,
        "mean": null
      },
      "scenarioDuration": {
        "min": null,
        "max": null,
        "median": null,
        "p95": null,
        "p99": null
      },
      "scenarioCounts": {},
      "errors": {
        "ESOCKETTIMEDOUT": 6
      },
      "codes": {},
      "matches": 0,
      "latencies": [],
      "customStats": {},
      "counters": {},
      "concurrency": 0,
      "pendingRequests": 3974,
      "scenariosAvoided": 0
    }
  ]
}