statusCode,requestResponseLatency,requestTime,responseTime,requestId
200,5844,1585229424897,1585229430741,1E4BOJV9Q
200,342,1585229430401,1585229430743,1E4BGO2AJ
200,2447,1585229428297,1585229430744,1E4BI7EEA
200,144,1585229430798,1585229430942,1E4BIOA25
200,2973,1585229427997,1585229430970,1E4BKKJ6C
200,1373,1585229429597,1585229430970,1E4BIEVK4
200,6375,1585229424596,1585229430971,1E4BLHPF5
200,4300,1585229426798,1585229431098,1E4BNQCNF
200,6700,1585229424399,1585229431099,1E4BP4K72
200,1603,1585229429497,1585229431100,1E4BN4U9O
200,159,1585229431297,1585229431456,1E4BJBC52
200,186,1585229431497,1585229431683,1E4BMHJ8N
200,7468,1585229424303,1585229431771,1E4BGJC2D
200,5075,1585229426697,1585229431772,1E4BHQ8PT
200,2476,1585229429297,1585229431773,1E4BHN8EJ
200,167,1585229431897,1585229432064,1E4BMNQRN
200,141,1585229432197,1585229432338,1E4BJOLEG
200,153,1585229432396,1585229432549,1E4BMFCTE
200,161,1585229433398,1585229433559,1E4BIM6AQ
200,145,1585229433696,1585229433841,1E4BQ1P1H
200,132,1585229433896,1585229434028,1E4BJJ6VH
200,149,1585229434297,1585229434446,1E4BIEOPD
200,128,1585229434698,1585229434826,1E4BI1C4O
200,128,1585229434998,1585229435126,1E4BK2QGC
200,153,1585229435097,1585229435250,1E4BLF6NR
200,171,1585229435196,1585229435367,1E4BI5R0F
200,146,1585229435496,1585229435642,1E4BH5B0G
200,173,1585229436297,1585229436470,1E4BON9JG
200,183,1585229436797,1585229436980,1E4BK5USH
200,126,1585229437098,1585229437224,1E4BIC029
200,150,1585229438197,1585229438347,1E4BI9HJ3
200,137,1585229438698,1585229438835,1E4BN8FFH
200,130,1585229438797,1585229438927,1E4BIT9L1
200,129,1585229438898,1585229439027,1E4BKVJ0C
200,140,1585229439197,1585229439337,1E4BNK7JB
200,151,1585229439797,1585229439948,1E4BL6U5F
200,196,1585229439899,1585229440095,1E4BHGNH6
200,141,1585229440499,1585229440640,1E4BQ1A5B
200,146,1585229440697,1585229440843,1E4BKJ6P9
200,226,1585229441098,1585229441324,1E4BPHQPN
200,137,1585229441298,1585229441435,1E4BGRMMH
200,131,1585229441399,1585229441530,1E4BHTRU3
200,141,1585229441498,1585229441639,1E4BJU9P4
200,136,1585229441597,1585229441733,1E4BOUIOE
200,143,1585229441697,1585229441840,1E4BH80Q5
200,145,1585229442098,1585229442243,1E4BMK5L3
200,173,1585229442197,1585229442370,1E4BGKK48
200,129,1585229442298,1585229442427,1E4BOA9NP
200,151,1585229442498,1585229442649,1E4BKVAJ6
200,159,1585229443099,1585229443258,1E4BOHC6D
200,131,1585229443197,1585229443328,1E4BOVE05
200,186,1585229443398,1585229443584,1E4BPSCMF
200,148,1585229443499,1585229443647,1E4BLG4F2
200,124,1585229443598,1585229443722,1E4BNQ98D
200,136,1585229443899,1585229444035,1E4BORQ58
200,169,1585229443998,1585229444167,1E4BLBACF
200,132,1585229444198,1585229444330,1E4BORAS2
200,160,1585229444798,1585229444958,1E4BIEPN2
200,145,1585229445198,1585229445343,1E4BM9PMC
200,191,1585229445499,1585229445690,1E4BMLMKN
200,143,1585229445698,1585229445841,1E4BOUTPB
200,134,1585229445998,1585229446132,1E4BLS9CM
200,141,1585229446099,1585229446240,1E4BGU06I
200,176,1585229446298,1585229446474,1E4BP6DKN
200,214,1585229446399,1585229446613,1E4BLBV5I
200,134,1585229446601,1585229446735,1E4BLH7A6
200,139,1585229446697,1585229446836,1E4BMGQVO
200,185,1585229446998,1585229447183,1E4BJEBDL
200,163,1585229447399,1585229447562,1E4BNURKU
200,144,1585229447598,1585229447742,1E4BOMBUI
200,136,1585229447802,1585229447938,1E4BMGIUU
200,266,1585229447699,1585229447965,1E4BPLNS4
200,147,1585229448299,1585229448446,1E4BOR0E5
200,144,1585229448398,1585229448542,1E4BOIF78
200,190,1585229448498,1585229448688,1E4BO66BE
200,156,1585229448599,1585229448755,1E4BO2AIB
200,154,1585229448797,1585229448951,1E4BO5N1H
200,133,1585229449198,1585229449331,1E4BHPU9N
200,196,1585229449400,1585229449596,1E4BPCS5V
200,180,1585229449798,1585229449978,1E4BLLFLQ
200,164,1585229449898,1585229450062,1E4BN1KKV
200,145,1585229449999,1585229450144,1E4BOHNRN
200,136,1585229450098,1585229450234,1E4BNSI7V
200,128,1585229450298,1585229450426,1E4BH8UQU
200,201,1585229450402,1585229450603,1E4BM0R1B
200,137,1585229450599,1585229450736,1E4BLQ5V3
200,141,1585229450998,1585229451139,1E4BJ98P6
200,128,1585229451299,1585229451427,1E4BPKVT5
200,134,1585229451599,1585229451733,1E4BOJTJF
200,127,1585229451699,1585229451826,1E4BMBH1K
200,133,1585229451898,1585229452031,1E4BK6EFG
200,130,1585229451999,1585229452129,1E4BMAQKF
200,206,1585229452198,1585229452404,1E4BORO40
200,150,1585229452597,1585229452747,1E4BK98B5
200,135,1585229452998,1585229453133,1E4BHJQ7N
200,127,1585229453299,1585229453426,1E4BKR2AD
200,169,1585229453398,1585229453567,1E4BONP5V
200,191,1585229453499,1585229453690,1E4BHP3KK
200,199,1585229453597,1585229453796,1E4BMRGIE
200,151,1585229453698,1585229453849,1E4BIUKGG
200,147,1585229453800,1585229453947,1E4BH8ORO
200,141,1585229453898,1585229454039,1E4BO4TFC
200,133,1585229453999,1585229454132,1E4BLL56E
200,131,1585229454098,1585229454229,1E4BKRKFC
200,132,1585229454199,1585229454331,1E4BL408T
200,220,1585229454298,1585229454518,1E4BNGIF0
200,173,1585229454398,1585229454571,1E4BHTQ0Q
200,149,1585229454799,1585229454948,1E4BNKEJ4
200,143,1585229454898,1585229455041,1E4BIEIE0
200,135,1585229454999,1585229455134,1E4BJMJHA
200,212,1585229455098,1585229455310,1E4BPQ29S
200,148,1585229455299,1585229455447,1E4BIH6SH
200,193,1585229455403,1585229455596,1E4BGNBA1
200,170,1585229455499,1585229455669,1E4BKB3P5
200,140,1585229455698,1585229455838,1E4BKITFV
200,137,1585229455797,1585229455934,1E4BO58CH
200,165,1585229455898,1585229456063,1E4BI0HA1
200,190,1585229455998,1585229456188,1E4BI4RB5
200,146,1585229456099,1585229456245,1E4BOAQ4R
200,135,1585229456299,1585229456434,1E4BKMHES
200,139,1585229456499,1585229456638,1E4BGTJT6
200,136,1585229456598,1585229456734,1E4BHBMDL
200,137,1585229456699,1585229456836,1E4BHGJRL
200,148,1585229456797,1585229456945,1E4BLAB2N
200,167,1585229456999,1585229457166,1E4BHN8MV
200,130,1585229457097,1585229457227,1E4BPDTH0
200,133,1585229457199,1585229457332,1E4BLK39K
200,138,1585229457399,1585229457537,1E4BI7KCV
200,167,1585229457598,1585229457765,1E4BJLHID
200,147,1585229457699,1585229457846,1E4BGM2CP
200,148,1585229457805,1585229457953,1E4BIO2BQ
200,142,1585229457906,1585229458048,1E4BKUK5P
200,1205,1585229456897,1585229458102,1E4BH07JH
200,140,1585229457998,1585229458138,1E4BI32DB
200,141,1585229458099,1585229458240,1E4BQ38BB
200,148,1585229458299,1585229458447,1E4BPMPVN
200,137,1585229458398,1585229458535,1E4BMOL9S
200,135,1585229458599,1585229458734,1E4BNNIH5
200,149,1585229458700,1585229458849,1E4BGSBP5
200,128,1585229458799,1585229458927,1E4BMP785
200,136,1585229458899,1585229459035,1E4BNDFOQ
200,144,1585229459099,1585229459243,1E4BQ1RDS
200,138,1585229459198,1585229459336,1E4BHD2Q6
200,145,1585229459299,1585229459444,1E4BHGAAL
200,135,1585229459599,1585229459734,1E4BOHO53
200,146,1585229459697,1585229459843,1E4BJLM70
200,132,1585229459798,1585229459930,1E4BNSLS0
200,142,1585229460099,1585229460241,1E4BQ4D34
200,145,1585229460199,1585229460344,1E4BJQKQ1
200,145,1585229460299,1585229460444,1E4BMOCBF
200,147,1585229460402,1585229460549,1E4BI3199
200,159,1585229460599,1585229460758,1E4BGTAJ2
200,156,1585229460699,1585229460855,1E4BLC2S9
200,136,1585229460798,1585229460934,1E4BJ1C9T
200,136,1585229460899,1585229461035,1E4BNUS29
200,138,1585229460999,1585229461137,1E4BL86F9
200,142,1585229461098,1585229461240,1E4BO9QHJ
200,153,1585229461199,1585229461352,1E4BNICAO
200,157,1585229461299,1585229461456,1E4BPQSNH
200,167,1585229461498,1585229461665,1E4BISQKJ
200,145,1585229461699,1585229461844,1E4BK69RN
200,159,1585229461900,1585229462059,1E4BLM5O9
200,147,1585229462099,1585229462246,1E4BHUT15
200,161,1585229462398,1585229462559,1E4BP2ELG
200,134,1585229462499,1585229462633,1E4BI96EJ
200,1195,1585229461598,1585229462793,1E4BGSA5A
200,138,1585229462698,1585229462836,1E4BHDV94
200,134,1585229462798,1585229462932,1E4BGU8U4
200,150,1585229462903,1585229463053,1E4BO2LTL
200,187,1585229462999,1585229463186,1E4BHK2HH
200,190,1585229463099,1585229463289,1E4BM6DOG
200,155,1585229463200,1585229463355,1E4BJKC2K
200,145,1585229463298,1585229463443,1E4BL30Q6
200,170,1585229463499,1585229463669,1E4BMGBJP
200,237,1585229463700,1585229463937,1E4BOL5UK
200,166,1585229463799,1585229463965,1E4BO75QR
200,194,1585229463898,1585229464092,1E4BOTK5J
200,156,1585229463998,1585229464154,1E4BIO2R7
200,222,1585229464100,1585229464322,1E4BKJSF0
200,150,1585229464299,1585229464449,1E4BGVA6L
200,141,1585229464400,1585229464541,1E4BH9RBV
200,150,1585229464599,1585229464749,1E4BMTUCG
200,134,1585229464699,1585229464833,1E4BNH2S6
200,133,1585229464899,1585229465032,1E4BMRHK1
200,138,1585229465000,1585229465138,1E4BIM14U
200,137,1585229465099,1585229465236,1E4BKUF57
200,137,1585229465199,1585229465336,1E4BP611Q
200,148,1585229465299,1585229465447,1E4BMARK6
200,139,1585229465402,1585229465541,1E4BJ280B
200,199,1585229465497,1585229465696,1E4BIQJOC
200,159,1585229465598,1585229465757,1E4BHMT0F
200,128,1585229465799,1585229465927,1E4BOF4EH
200,127,1585229465898,1585229466025,1E4BPI7KA
200,143,1585229466099,1585229466243,1E4BPMDKK
200,137,1585229466198,1585229466335,1E4BI0T37
200,142,1585229466298,1585229466440,1E4BOVN09
200,152,1585229466398,1585229466550,1E4BLJJ71
200,122,1585229466698,1585229466820,1E4BO2NE0
200,129,1585229466800,1585229466929,1E4BGMVH2
200,154,1585229466898,1585229467052,1E4BLRDO3
200,141,1585229466999,1585229467140,1E4BLJQRD
200,161,1585229467099,1585229467260,1E4BIEV3V
200,208,1585229467299,1585229467507,1E4BOT357
200,147,1585229467399,1585229467546,1E4BHRESB
200,135,1585229467499,1585229467634,1E4BK18MS
200,143,1585229467599,1585229467742,1E4BQ2JDA
200,1206,1585229466599,1585229467805,1E4BGLIMU
200,164,1585229467805,1585229467969,1E4BKB1F4
200,139,1585229467904,1585229468043,1E4BKGPIT
200,137,1585229467998,1585229468135,1E4BNIPBF
200,140,1585229468100,1585229468240,1E4BJEJ3O
200,156,1585229468200,1585229468356,1E4BNKKTG
200,155,1585229468301,1585229468456,1E4BLS191
200,131,1585229468599,1585229468730,1E4BKV24U
200,145,1585229468699,1585229468844,1E4BJGB51
200,133,1585229468798,1585229468931,1E4BI94V7
200,128,1585229468900,1585229469028,1E4BIC4KU
200,137,1585229468999,1585229469136,1E4BKSQ05
200,136,1585229469100,1585229469236,1E4BJC4R6
200,149,1585229469298,1585229469447,1E4BN7E1K
200,136,1585229469398,1585229469534,1E4BIN7UH
200,138,1585229469500,1585229469638,1E4BPCUO7
200,145,1585229469600,1585229469745,1E4BI5H2F
200,136,1585229469698,1585229469834,1E4BM0UQC
200,131,1585229469800,1585229469931,1E4BO74J8
200,131,1585229469900,1585229470031,1E4BLGDA1
200,131,1585229469999,1585229470130,1E4BNSL73
200,128,1585229470099,1585229470227,1E4BL51OS
200,135,1585229470199,1585229470334,1E4BPLRM6
200,134,1585229470404,1585229470538,1E4BP1VEH
200,133,1585229470499,1585229470632,1E4BIU60C
200,144,1585229470599,1585229470743,1E4BHOMCG
200,168,1585229470800,1585229470968,1E4BMAHN5
200,325,1585229470699,1585229471024,1E4BISC64
200,144,1585229470998,1585229471142,1E4BLBCKL
200,285,1585229470899,1585229471184,1E4BJ6NPA
200,163,1585229471099,1585229471262,1E4BLFIDE
200,202,1585229471198,1585229471400,1E4BJ0H0U
200,203,1585229471300,1585229471503,1E4BMKMGA
200,142,1585229471500,1585229471642,1E4BK8M5M
200,237,1585229471599,1585229471836,1E4BGV8NH
200,193,1585229471799,1585229471992,1E4BLUNPJ
200,193,1585229471900,1585229472093,1E4BKHKIU
200,148,1585229471998,1585229472146,1E4BHSEV4
200,127,1585229472100,1585229472227,1E4BMLDHN
200,144,1585229472200,1585229472344,1E4BJTMFT
200,133,1585229472299,1585229472432,1E4BJ8KKV
200,139,1585229472400,1585229472539,1E4BN8225
200,125,1585229472498,1585229472623,1E4BONT34
200,126,1585229472600,1585229472726,1E4BH0ASK
200,140,1585229472699,1585229472839,1E4BPQ7U0
200,142,1585229472799,1585229472941,1E4BNGE0H
200,135,1585229472905,1585229473040,1E4BNJREL
200,134,1585229473000,1585229473134,1E4BMP64M
200,166,1585229473100,1585229473266,1E4BKDO4I
200,136,1585229473200,1585229473336,1E4BOSLCC
200,140,1585229473299,1585229473439,1E4BHC5IV
200,277,1585229473400,1585229473677,1E4BKVTIP
200,150,1585229473599,1585229473749,1E4BPBHNG
200,280,1585229473498,1585229473778,1E4BPTFHO
200,134,1585229473701,1585229473835,1E4BH9BJA
200,132,1585229473798,1585229473930,1E4BPGQUU
200,147,1585229473898,1585229474045,1E4BP8T5K
200,165,1585229473999,1585229474164,1E4BKENK1
200,157,1585229474100,1585229474257,1E4BGM141
200,124,1585229474200,1585229474324,1E4BIH7U9
200,137,1585229474299,1585229474436,1E4BNJF6P
200,133,1585229474399,1585229474532,1E4BM06K3
200,175,1585229474499,1585229474674,1E4BI78O9
200,210,1585229474599,1585229474809,1E4BK48IG
200,160,1585229474700,1585229474860,1E4BNOO7D
200,136,1585229474799,1585229474935,1E4BNBJLS
200,141,1585229474901,1585229475042,1E4BM8SMB
200,148,1585229474998,1585229475146,1E4BK288R
200,147,1585229475099,1585229475246,1E4BN8H6L
200,171,1585229475200,1585229475371,1E4BIURMB
200,152,1585229475299,1585229475451,1E4BOO6MK
200,158,1585229475399,1585229475557,1E4BMIV4I
200,150,1585229475499,1585229475649,1E4BKANV2
200,132,1585229475599,1585229475731,1E4BM1F02
200,142,1585229475699,1585229475841,1E4BNB2H8
200,137,1585229475800,1585229475937,1E4BPDHGD
200,144,1585229475899,1585229476043,1E4BPVLKV
200,137,1585229476000,1585229476137,1E4BNFFN8
200,207,1585229476098,1585229476305,1E4BH5HHI
200,162,1585229476199,1585229476361,1E4BOOUDM
200,133,1585229476298,1585229476431,1E4BP9I77
200,158,1585229476400,1585229476558,1E4BKUNDD
200,137,1585229476499,1585229476636,1E4BJ3NR7
200,139,1585229476599,1585229476738,1E4BMHB5I
200,141,1585229476699,1585229476840,1E4BLH35E
200,161,1585229476800,1585229476961,1E4BP16KI
200,147,1585229476898,1585229477045,1E4BN24AN
200,143,1585229476999,1585229477142,1E4BJBM0V
200,163,1585229477099,1585229477262,1E4BJ1ARN
200,165,1585229477200,1585229477365,1E4BO5PFN
200,196,1585229477299,1585229477495,1E4BGLPNA
200,137,1585229477400,1585229477537,1E4BJU58P
200,132,1585229477499,1585229477631,1E4BNHMAU
200,156,1585229477600,1585229477756,1E4BIHGU7
200,168,1585229477700,1585229477868,1E4BK69TQ
200,151,1585229477798,1585229477949,1E4BIVMIG
200,170,1585229477899,1585229478069,1E4BJPEFN
200,145,1585229477998,1585229478143,1E4BL9H32
200,148,1585229478099,1585229478247,1E4BN5VUF
200,158,1585229478199,1585229478357,1E4BIMJ10
200,158,1585229478403,1585229478561,1E4BIJTTD
200,175,1585229478508,1585229478683,1E4BQ2J4G
200,130,1585229478603,1585229478733,1E4BLVR53
200,259,1585229478703,1585229478962,1E4BJA8MQ
200,196,1585229478803,1585229478999,1E4BPCAKK
200,178,1585229478903,1585229479081,1E4BPPV8T
200,133,1585229479003,1585229479136,1E4BHURTQ
200,148,1585229479103,1585229479251,1E4BHP5GH
200,139,1585229479203,1585229479342,1E4BLCEV2
200,138,1585229479303,1585229479441,1E4BPFEJG
200,143,1585229479403,1585229479546,1E4BGN6VF
200,141,1585229479503,1585229479645,1E4BPJEKH
200,150,1585229479603,1585229479753,1E4BHUMOQ
200,133,1585229479703,1585229479836,1E4BI49Q9
200,133,1585229479803,1585229479936,1E4BPF91O
200,153,1585229479903,1585229480056,1E4BH88LM
200,181,1585229480003,1585229480184,1E4BNGNOI
200,145,1585229480103,1585229480248,1E4BHIC26
200,134,1585229480203,1585229480337,1E4BLMO5P
200,149,1585229480303,1585229480452,1E4BLHTUS
200,145,1585229480406,1585229480551,1E4BLDD1D
200,137,1585229480503,1585229480640,1E4BPRL11
200,138,1585229480603,1585229480741,1E4BHLA35
200,199,1585229480703,1585229480902,1E4BI4HRD
200,206,1585229480803,1585229481009,1E4BN4NSM
200,136,1585229480903,1585229481039,1E4BOUR2N
200,158,1585229481003,1585229481161,1E4BJKVG6
200,156,1585229481103,1585229481259,1E4BNBR2L
200,131,1585229481203,1585229481334,1E4BJCAK0
200,144,1585229481303,1585229481447,1E4BLH8FQ
200,136,1585229481403,1585229481539,1E4BJMJEK
200,162,1585229481503,1585229481665,1E4BJGSVD
200,136,1585229481603,1585229481739,1E4BML1OH
200,133,1585229481703,1585229481836,1E4BM22FO
200,129,1585229481803,1585229481932,1E4BHQD6H
200,130,1585229481903,1585229482033,1E4BJ2JEI
200,143,1585229482003,1585229482146,1E4BPAATR
200,144,1585229482103,1585229482247,1E4BNOVTH
200,136,1585229482203,1585229482339,1E4BHEKJC
200,150,1585229482303,1585229482453,1E4BL53LA
200,158,1585229482403,1585229482561,1E4BHEVHS
200,137,1585229482503,1585229482640,1E4BP89UF
200,142,1585229482603,1585229482745,1E4BINQ99
200,150,1585229482703,1585229482853,1E4BM6T6V
200,134,1585229482803,1585229482937,1E4BPBIP6
200,189,1585229482908,1585229483097,1E4BJ40RE
200,168,1585229483003,1585229483171,1E4BOBKVP
200,160,1585229483103,1585229483263,1E4BMAN94
200,140,1585229483203,1585229483343,1E4BP307H
200,159,1585229483303,1585229483462,1E4BLRLGV
200,139,1585229483403,1585229483542,1E4BI42II
200,164,1585229483503,1585229483667,1E4BPJ3O8
200,165,1585229483603,1585229483768,1E4BMAFSS
200,240,1585229483703,1585229483943,1E4BLQ2F3
200,170,1585229483803,1585229483973,1E4BI8KUO
200,194,1585229483903,1585229484097,1E4BHEU1A
200,193,1585229484003,1585229484196,1E4BKVAJU
200,177,1585229484103,1585229484280,1E4BQ3BVE
200,157,1585229484203,1585229484360,1E4BKR2VB
200,131,1585229484303,1585229484434,1E4BP2C5T
200,129,1585229484405,1585229484534,1E4BMF9DN
200,187,1585229484503,1585229484690,1E4BP836F
200,149,1585229484603,1585229484752,1E4BL5M06
200,131,1585229484703,1585229484834,1E4BJPB64
200,169,1585229484803,1585229484972,1E4BO45C5
200,147,1585229484903,1585229485050,1E4BLPTDA
200,141,1585229485003,1585229485144,1E4BHA2Q1
200,149,1585229485103,1585229485252,1E4BGP5E1
200,167,1585229485203,1585229485370,1E4BPENQC
200,152,1585229485303,1585229485455,1E4BPNV7P
200,130,1585229485408,1585229485538,1E4BQ4KCJ
200,168,1585229485503,1585229485671,1E4BOCPJ8
200,170,1585229485603,1585229485773,1E4BPK59G
200,140,1585229485703,1585229485843,1E4BNP9NT
200,200,1585229485803,1585229486003,1E4BH4IL7
200,140,1585229485903,1585229486043,1E4BNM1EK
200,143,1585229486003,1585229486146,1E4BMFDV8
200,146,1585229486103,1585229486249,1E4BNK9V8
200,131,1585229486203,1585229486334,1E4BN6T2I
200,195,1585229486303,1585229486498,1E4BH8EHJ
200,183,1585229486403,1585229486586,1E4BOJ776
200,145,1585229486503,1585229486648,1E4BM5PAM
200,141,1585229486603,1585229486744,1E4BJV1ME
200,149,1585229486703,1585229486852,1E4BPOQ29
200,146,1585229486803,1585229486949,1E4BKEVFJ
200,148,1585229486903,1585229487051,1E4BMJC47
200,127,1585229487003,1585229487130,1E4BL6519
200,138,1585229487103,1585229487241,1E4BNH8B2
200,133,1585229487203,1585229487336,1E4BGUTTB
200,127,1585229487303,1585229487430,1E4BK238O
200,130,1585229487403,1585229487533,1E4BOI4SG
200,165,1585229487503,1585229487668,1E4BOJL9B
200,243,1585229487603,1585229487846,1E4BPQ2S9
200,182,1585229487703,1585229487885,1E4BLDN9T
200,172,1585229487805,1585229487977,1E4BO952E
200,148,1585229487907,1585229488055,1E4BK3F9K
200,170,1585229488003,1585229488173,1E4BHOGKL
200,144,1585229488103,1585229488247,1E4BNMGQR
200,148,1585229488203,1585229488351,1E4BIU970
200,141,1585229488303,1585229488444,1E4BO2AUP
200,132,1585229488403,1585229488535,1E4BNQJMJ
200,131,1585229488503,1585229488634,1E4BOL1F7
200,171,1585229488603,1585229488774,1E4BOL1J1
200,163,1585229488703,1585229488866,1E4BJRPI1
200,127,1585229488803,1585229488930,1E4BPEFOV
200,132,1585229488903,1585229489035,1E4BN6Q4J
200,133,1585229489003,1585229489136,1E4BOFR47
200,148,1585229489103,1585229489251,1E4BLHOT9
200,164,1585229489203,1585229489367,1E4BIVJV0
200,140,1585229489303,1585229489443,1E4BK6CG3
200,238,1585229489403,1585229489641,1E4BMNC1F
200,178,1585229489503,1585229489681,1E4BL39D1
200,155,1585229489603,1585229489758,1E4BL0HN2
200,127,1585229489703,1585229489830,1E4BLAHI3
200,189,1585229489804,1585229489993,1E4BK5CU2
200,137,1585229489903,1585229490040,1E4BMATKE
200,165,1585229490003,1585229490168,1E4BQ0RJQ
200,136,1585229490103,1585229490239,1E4BK7PV8
200,134,1585229490203,1585229490337,1E4BH4QS9
200,177,1585229490304,1585229490481,1E4BLB3SI
200,141,1585229490407,1585229490548,1E4BN5U7V
200,173,1585229490503,1585229490676,1E4BO0M4M
200,128,1585229490603,1585229490731,1E4BJ68TJ
200,131,1585229490703,1585229490834,1E4BI9GME
200,183,1585229490803,1585229490986,1E4BK5G4K
200,136,1585229490903,1585229491039,1E4BISQNE
200,144,1585229491003,1585229491147,1E4BK2JLB
200,166,1585229491103,1585229491269,1E4BI57NG
200,158,1585229491203,1585229491361,1E4BK2K6D
200,137,1585229491303,1585229491440,1E4BN9PQG
200,127,1585229491403,1585229491530,1E4BJVFF7
200,147,1585229491503,1585229491650,1E4BHI1EJ
200,135,1585229491603,1585229491738,1E4BH4EJK
200,132,1585229491703,1585229491835,1E4BICRJ1
200,158,1585229491803,1585229491961,1E4BIU685
200,119,1585229491903,1585229492022,1E4BI7T54
200,141,1585229492003,1585229492144,1E4BKKNFR
200,225,1585229492103,1585229492328,1E4BK2N3B
200,165,1585229492203,1585229492368,1E4BPDH50
200,140,1585229492303,1585229492443,1E4BL7N0U
200,139,1585229492403,1585229492542,1E4BHGLUN
200,132,1585229492503,1585229492635,1E4BMSKSK
200,129,1585229492603,1585229492732,1E4BNBOA8
200,126,1585229492703,1585229492829,1E4BGP7KI
200,134,1585229492803,1585229492937,1E4BQ1UMM
200,150,1585229492908,1585229493058,1E4BIRGTO
200,144,1585229493003,1585229493147,1E4BGL7HN
200,135,1585229493103,1585229493238,1E4BOHAKC
200,136,1585229493203,1585229493339,1E4BHS6HO
200,136,1585229493303,1585229493439,1E4BLEBQ3
200,133,1585229493403,1585229493536,1E4BHQ29I
200,156,1585229493503,1585229493659,1E4BGU0AE
200,146,1585229493603,1585229493749,1E4BLNAPI
200,145,1585229493703,1585229493848,1E4BJ9Q8T
200,149,1585229493803,1585229493952,1E4BJ2KTB
200,182,1585229493903,1585229494085,1E4BI81OA
200,215,1585229494004,1585229494219,1E4BL9JU0
200,128,1585229494103,1585229494231,1E4BGLU3Q
200,137,1585229494203,1585229494340,1E4BO7A6L
200,143,1585229494303,1585229494446,1E4BL8U90
200,138,1585229494403,1585229494541,1E4BHBMFC
200,132,1585229494503,1585229494635,1E4BK3VNK
200,130,1585229494603,1585229494733,1E4BNL355
200,139,1585229494703,1585229494842,1E4BNO77V
200,134,1585229494803,1585229494937,1E4BHGS0C
200,136,1585229494903,1585229495039,1E4BMG2AE
200,133,1585229495003,1585229495137,1E4BJ1A9U
200,138,1585229495103,1585229495241,1E4BJIEFT
200,251,1585229495203,1585229495454,1E4BHVTQS
200,161,1585229495303,1585229495464,1E4BN0M7Q
200,151,1585229495406,1585229495557,1E4BOIUIR
200,143,1585229495503,1585229495646,1E4BI1AVO
200,146,1585229495603,1585229495749,1E4BH77CE
200,149,1585229495703,1585229495852,1E4BH9D62
200,217,1585229495803,1585229496020,1E4BOVHKL
200,136,1585229496003,1585229496139,1E4BMK6F7
200,138,1585229496104,1585229496242,1E4BGR6RE
200,132,1585229496203,1585229496335,1E4BIDDAO
200,139,1585229496303,1585229496442,1E4BJG77V
200,144,1585229496403,1585229496547,1E4BKJN7H
200,155,1585229496603,1585229496758,1E4BJAGU3
200,340,1585229496503,1585229496843,1E4BJ27UM
200,154,1585229496703,1585229496857,1E4BKNSJB
200,167,1585229496803,1585229496970,1E4BIE4CN
200,186,1585229496903,1585229497089,1E4BI0IN1
200,128,1585229497003,1585229497131,1E4BOE6U7
200,1255,1585229495903,1585229497158,1E4BGRO88
200,134,1585229497103,1585229497238,1E4BN20LR
200,132,1585229497203,1585229497335,1E4BILB02
200,148,1585229497303,1585229497451,1E4BM3Q1M
200,158,1585229497403,1585229497561,1E4BKH5JF
200,131,1585229497504,1585229497635,1E4BOMIE8
200,145,1585229497603,1585229497748,1E4BPK394
200,139,1585229497703,1585229497842,1E4BJO53G
200,150,1585229497804,1585229497954,1E4BLCET8
200,155,1585229497907,1585229498062,1E4BKLQBF
200,149,1585229498004,1585229498153,1E4BLVDJD
200,190,1585229498103,1585229498293,1E4BPCAII
200,167,1585229498203,1585229498370,1E4BOH4SB
200,271,1585229498303,1585229498574,1E4BNGDIA
200,344,1585229498403,1585229498747,1E4BMMT2E
200,265,1585229498503,1585229498768,1E4BPGPOJ
200,205,1585229498603,1585229498808,1E4BMID1A
200,178,1585229498704,1585229498882,1E4BI96PB
200,166,1585229498803,1585229498969,1E4BLDL7N
200,194,1585229498904,1585229499098,1E4BK70PN
200,136,1585229499004,1585229499140,1E4BIV0NA
200,135,1585229499103,1585229499238,1E4BOOSB8
200,152,1585229499203,1585229499355,1E4BHIAKV
200,150,1585229499303,1585229499453,1E4BM9H7B
200,147,1585229499403,1585229499550,1E4BJ4PJ4
200,218,1585229499503,1585229499721,1E4BH71J1
200,256,1585229499604,1585229499860,1E4BMGFC1
200,197,1585229499704,1585229499901,1E4BHEU2E
200,197,1585229499804,1585229500001,1E4BIUND9
200,171,1585229499903,1585229500074,1E4BJ1HLH
200,150,1585229500004,1585229500154,1E4BL6QFB
200,160,1585229500103,1585229500263,1E4BK68V5
200,154,1585229500204,1585229500358,1E4BO08MM
200,135,1585229500304,1585229500439,1E4BGTO8S
200,133,1585229500407,1585229500540,1E4BL5LO8
200,148,1585229500504,1585229500652,1E4BKFUL5
200,137,1585229500604,1585229500741,1E4BNBKH9
200,171,1585229500704,1585229500875,1E4BQ1PU1
200,146,1585229500804,1585229500950,1E4BJPQBT
200,176,1585229500904,1585229501080,1E4BIPS8C
200,152,1585229501004,1585229501156,1E4BLP213
200,137,1585229501104,1585229501241,1E4BKB62D
200,137,1585229501204,1585229501341,1E4BM5CME
200,137,1585229501304,1585229501441,1E4BP1KH2
200,143,1585229501404,1585229501547,1E4BQ4QA8
200,168,1585229501504,1585229501672,1E4BN6J7F
200,135,1585229501604,1585229501739,1E4BJAJ16
200,150,1585229501704,1585229501854,1E4BKBVRI
200,171,1585229501804,1585229501975,1E4BIK61H
200,201,1585229501904,1585229502105,1E4BMEA93
200,154,1585229502004,1585229502158,1E4BPU6TH
200,156,1585229502104,1585229502260,1E4BNU3RP
200,133,1585229502204,1585229502337,1E4BLC46A
200,150,1585229502304,1585229502454,1E4BKODGV
200,139,1585229502404,1585229502543,1E4BNPSII
200,153,1585229502504,1585229502657,1E4BNAKEL
200,139,1585229502604,1585229502743,1E4BJ2P8R
200,135,1585229502704,1585229502839,1E4BK8ABD
200,184,1585229502804,1585229502988,1E4BOSHFG
200,192,1585229502907,1585229503099,1E4BHM7N8
200,153,1585229503004,1585229503157,1E4BGNDIC
200,129,1585229503104,1585229503233,1E4BILA44
200,166,1585229503204,1585229503370,1E4BIVVNT
200,131,1585229503304,1585229503435,1E4BO0LM8
200,147,1585229503404,1585229503551,1E4BL871R
200,164,1585229503504,1585229503668,1E4BHL5F0
200,143,1585229503604,1585229503747,1E4BHUKNV
200,150,1585229503704,1585229503854,1E4BHUQV0
200,184,1585229503804,1585229503988,1E4BKLSFU
200,140,1585229503904,1585229504044,1E4BJQP0M
200,151,1585229504004,1585229504155,1E4BK29LP
200,144,1585229504104,1585229504248,1E4BP5GMQ
200,138,1585229504204,1585229504342,1E4BJIRJ9
200,149,1585229504304,1585229504453,1E4BHRLDQ
200,185,1585229504404,1585229504589,1E4BJG9ID
200,139,1585229504504,1585229504643,1E4BGM73H
200,144,1585229504604,1585229504748,1E4BGV8EH
200,144,1585229504704,1585229504848,1E4BJKNFM
200,159,1585229504804,1585229504963,1E4BP89IP
200,142,1585229504904,1585229505046,1E4BMVI6V
200,129,1585229505004,1585229505133,1E4BI8EIR
200,154,1585229505104,1585229505258,1E4BIODKK
200,164,1585229505204,1585229505368,1E4BGRVSV
200,143,1585229505304,1585229505447,1E4BN0H1N
200,154,1585229505407,1585229505561,1E4BNRM83
200,145,1585229505504,1585229505649,1E4BMG5NT
200,127,1585229505604,1585229505731,1E4BJH6HO
200,144,1585229505704,1585229505848,1E4BJJI6M
200,170,1585229505804,1585229505974,1E4BI66T2
200,128,1585229505904,1585229506032,1E4BIO8JD
200,165,1585229506004,1585229506169,1E4BJSC71
200,152,1585229506104,1585229506256,1E4BJDOUO
200,156,1585229506204,1585229506360,1E4BONRJU
200,150,1585229506304,1585229506454,1E4BMGCIQ
200,131,1585229506404,1585229506535,1E4BODMLM
200,147,1585229506504,1585229506651,1E4BIQ437
200,159,1585229506604,1585229506763,1E4BKJ37H
200,139,1585229506704,1585229506843,1E4BH8D5F
200,149,1585229506804,1585229506953,1E4BNFEO2
200,144,1585229506904,1585229507048,1E4BL3KJL
200,139,1585229507004,1585229507143,1E4BIVFUL
200,148,1585229507104,1585229507252,1E4BI87QK
200,140,1585229507204,1585229507344,1E4BOIJ4A
200,148,1585229507304,1585229507452,1E4BK07IJ
200,128,1585229507404,1585229507532,1E4BJFG4O
200,138,1585229507504,1585229507642,1E4BLIJAA
200,138,1585229507604,1585229507742,1E4BHNU3G
200,145,1585229507704,1585229507849,1E4BHI464
200,176,1585229507808,1585229507984,1E4BKI0HP
200,158,1585229507909,1585229508067,1E4BO3FTD
200,160,1585229508004,1585229508164,1E4BLIE53
200,129,1585229508104,1585229508233,1E4BK8LKU
200,140,1585229508204,1585229508344,1E4BIUF4D
200,143,1585229508304,1585229508447,1E4BL9UQ5
200,164,1585229508404,1585229508568,1E4BKKM76
200,151,1585229508504,1585229508655,1E4BQ357F
200,151,1585229508604,1585229508755,1E4BNCN0U
200,138,1585229508704,1585229508842,1E4BIIO5M
200,169,1585229508804,1585229508973,1E4BLOH5B
200,135,1585229508904,1585229509039,1E4BIK6GA
200,137,1585229509004,1585229509141,1E4BIV12S
200,151,1585229509104,1585229509255,1E4BK8FCC
200,139,1585229509204,1585229509343,1E4BKM5UA
200,149,1585229509304,1585229509453,1E4BK1KLU
200,150,1585229509404,1585229509554,1E4BNDLMT
200,130,1585229509504,1585229509634,1E4BM232Q
200,142,1585229509604,1585229509746,1E4BP3GSG
200,178,1585229509704,1585229509882,1E4BK8AG2
200,257,1585229509804,1585229510061,1E4BI3UGA
200,226,1585229509904,1585229510130,1E4BNSF43
200,141,1585229510004,1585229510145,1E4BMVO0E
200,135,1585229510104,1585229510239,1E4BPFVRQ
200,138,1585229510204,1585229510342,1E4BLJGI2
200,153,1585229510304,1585229510457,1E4BPIL25
200,189,1585229510408,1585229510597,1E4BOGUG5
200,162,1585229510504,1585229510666,1E4BM4B28
200,134,1585229510604,1585229510738,1E4BKV4SG
200,151,1585229510704,1585229510855,1E4BJ2U38
200,146,1585229510804,1585229510950,1E4BJ98A0
200,220,1585229510904,1585229511124,1E4BPO4KO
200,222,1585229511004,1585229511226,1E4BOK4J7
200,162,1585229511104,1585229511266,1E4BNU05K
200,143,1585229511204,1585229511347,1E4BNS7QH
200,164,1585229511304,1585229511468,1E4BJ4OU8
200,145,1585229511404,1585229511549,1E4BIR9GI
200,138,1585229511504,1585229511642,1E4BITOR7
200,144,1585229511604,1585229511748,1E4BJ85LL
200,150,1585229511704,1585229511854,1E4BI3ER0
200,133,1585229511804,1585229511937,1E4BQ2P10
200,142,1585229511904,1585229512046,1E4BP5307
200,141,1585229512004,1585229512145,1E4BPI4RG
200,134,1585229512104,1585229512238,1E4BLI91U
200,144,1585229512204,1585229512348,1E4BMKB2E
200,163,1585229512304,1585229512467,1E4BHM15C
200,164,1585229512404,1585229512568,1E4BOUC2A
200,175,1585229512504,1585229512679,1E4BN1QCD
200,138,1585229512604,1585229512742,1E4BLCEMF
200,138,1585229512704,1585229512842,1E4BNISB0
200,132,1585229512804,1585229512936,1E4BKG08T
200,131,1585229512907,1585229513038,1E4BGSG3M
200,187,1585229513004,1585229513191,1E4BGQL4A
200,147,1585229513104,1585229513251,1E4BL7U4S
200,137,1585229513204,1585229513341,1E4BO4CAT
200,136,1585229513304,1585229513440,1E4BLVH8E
200,163,1585229513404,1585229513567,1E4BNPHKP
200,184,1585229513505,1585229513689,1E4BOAF9A
200,143,1585229513604,1585229513747,1E4BMCV89
200,154,1585229513704,1585229513858,1E4BH0E33
200,178,1585229513804,1585229513982,1E4BMQONJ
200,163,1585229513904,1585229514067,1E4BN4FEH
200,141,1585229514004,1585229514145,1E4BKR6F0
200,136,1585229514105,1585229514241,1E4BJLC0Q
200,132,1585229514204,1585229514336,1E4BM1HU3
200,134,1585229514304,1585229514438,1E4BJS60B
200,146,1585229514404,1585229514550,1E4BI6NBV
200,191,1585229514504,1585229514695,1E4BKIR4T
200,129,1585229514604,1585229514733,1E4BI286T
200,139,1585229514704,1585229514843,1E4BKM2R1
200,166,1585229514804,1585229514970,1E4BOM7LC
200,153,1585229514904,1585229515057,1E4BNK3LE
200,179,1585229515004,1585229515183,1E4BQ3H8A
200,134,1585229515104,1585229515238,1E4BOF6GD
200,150,1585229515204,1585229515354,1E4BK7GH6
200,149,1585229515304,1585229515453,1E4BLQ4GL
200,142,1585229515407,1585229515549,1E4BK9K4G
200,145,1585229515504,1585229515649,1E4BM2RNJ
200,160,1585229515604,1585229515764,1E4BM5MSB
200,160,1585229515704,1585229515864,1E4BN06BE
200,186,1585229515804,1585229515990,1E4BPL00J
200,194,1585229515904,1585229516098,1E4BMQ6MA
200,184,1585229516004,1585229516188,1E4BOQ092
200,125,1585229516104,1585229516229,1E4BMDH0P
200,130,1585229516204,1585229516334,1E4BKFL0N
200,131,1585229516304,1585229516435,1E4BMG2GC
200,151,1585229516404,1585229516555,1E4BHPDMR
200,142,1585229516504,1585229516646,1E4BODFMU
200,143,1585229516604,1585229516747,1E4BNRU8U
200,154,1585229516704,1585229516858,1E4BODSGU
200,172,1585229516804,1585229516976,1E4BO9O8T
200,136,1585229516904,1585229517040,1E4BIRSMK
200,144,1585229517004,1585229517148,1E4BOCKVI
200,155,1585229517104,1585229517259,1E4BHA09D
200,143,1585229517204,1585229517347,1E4BPFSPM
200,137,1585229517304,1585229517441,1E4BI2UDP
200,149,1585229517404,1585229517553,1E4BKJCDB
200,160,1585229517504,1585229517664,1E4BGO5B4
200,142,1585229517604,1585229517746,1E4BLRDP4
200,133,1585229517705,1585229517838,1E4BOUEKN
200,129,1585229517804,1585229517933,1E4BIKLRM
200,181,1585229517907,1585229518088,1E4BQ5104
200,142,1585229518004,1585229518146,1E4BKQP29
200,165,1585229518104,1585229518269,1E4BNV2TD
200,152,1585229518204,1585229518356,1E4BLRM60
200,189,1585229518304,1585229518493,1E4BM2FGI
200,135,1585229518404,1585229518539,1E4BO187C
200,149,1585229518504,1585229518653,1E4BPGE0B
200,152,1585229518605,1585229518757,1E4BOT7NJ
200,130,1585229518704,1585229518834,1E4BNET9I
200,143,1585229518804,1585229518947,1E4BITHIR
200,136,1585229518904,1585229519040,1E4BMVV8N
200,149,1585229519004,1585229519153,1E4BL62SP
200,158,1585229519104,1585229519262,1E4BP4HEP
200,138,1585229519204,1585229519342,1E4BIJNDN
200,128,1585229519304,1585229519432,1E4BMI61R
200,135,1585229519404,1585229519539,1E4BP9OHN
200,164,1585229519504,1585229519668,1E4BLUDFF
200,144,1585229519604,1585229519748,1E4BGNK19
200,163,1585229519704,1585229519867,1E4BII51G
200,215,1585229519809,1585229520024,1E4BGOCM7
200,158,1585229519904,1585229520062,1E4BNUE2D
200,138,1585229520004,1585229520142,1E4BPQF98
200,131,1585229520104,1585229520235,1E4BOAN00
200,183,1585229520204,1585229520387,1E4BIBQ7P
200,138,1585229520304,1585229520442,1E4BNBJJ4
200,135,1585229520408,1585229520543,1E4BM1626
200,136,1585229520504,1585229520640,1E4BLC4B5
200,142,1585229520604,1585229520746,1E4BOVTKQ
200,141,1585229520704,1585229520845,1E4BNE5I9
200,143,1585229520804,1585229520947,1E4BIG4D7
200,145,1585229520904,1585229521049,1E4BNHC49
200,157,1585229521004,1585229521161,1E4BJ917M
200,141,1585229521104,1585229521245,1E4BLFPFV
200,157,1585229521204,1585229521361,1E4BKJSEQ
200,235,1585229521304,1585229521539,1E4BIVG7J
200,161,1585229521404,1585229521565,1E4BME0O9
200,138,1585229521504,1585229521642,1E4BLGJ71
200,153,1585229521604,1585229521757,1E4BLMGI3
200,164,1585229521704,1585229521868,1E4BM5LQ3
200,140,1585229521804,1585229521944,1E4BM17TE
200,139,1585229521904,1585229522043,1E4BOAHAP
200,140,1585229522004,1585229522144,1E4BIAJ88
200,130,1585229522104,1585229522234,1E4BM5O6U
200,141,1585229522204,1585229522345,1E4BMHT20
200,133,1585229522304,1585229522437,1E4BN1PP5
200,151,1585229522404,1585229522555,1E4BLLAKS
200,175,1585229522505,1585229522680,1E4BMC0VV
200,146,1585229522604,1585229522750,1E4BHM33U
200,142,1585229522704,1585229522846,1E4BJDQLM
200,141,1585229522804,1585229522945,1E4BIR3Q1
200,157,1585229522908,1585229523065,1E4BMAPF2
200,138,1585229523004,1585229523142,1E4BPTHE7
200,169,1585229523104,1585229523273,1E4BK70OR
200,151,1585229523204,1585229523355,1E4BN6PN6
200,138,1585229523304,1585229523442,1E4BH6AFT
200,143,1585229523404,1585229523547,1E4BOGQI9
200,148,1585229523504,1585229523652,1E4BKPSL4
200,142,1585229523604,1585229523746,1E4BJ4QDC
200,159,1585229523704,1585229523863,1E4BNEEDA
200,148,1585229523804,1585229523952,1E4BPSVAQ
200,151,1585229523904,1585229524055,1E4BMRJSE
200,178,1585229524004,1585229524182,1E4BO3D8P
200,167,1585229524104,1585229524271,1E4BP1A7V
200,203,1585229524204,1585229524407,1E4BJ1VNC
200,152,1585229524304,1585229524456,1E4BK1OI1
200,159,1585229524404,1585229524563,1E4BHA0M3
200,177,1585229524504,1585229524681,1E4BHII96
200,137,1585229524604,1585229524741,1E4BJJKOE
200,133,1585229524704,1585229524837,1E4BL17HO
200,151,1585229524804,1585229524955,1E4BPE4GT
200,176,1585229524904,1585229525080,1E4BIR02T
200,167,1585229525004,1585229525171,1E4BM5ESV
200,136,1585229525104,1585229525240,1E4BHAD8O
200,159,1585229525204,1585229525363,1E4BO1SL1
200,165,1585229525304,1585229525469,1E4BLHV08
200,186,1585229525409,1585229525595,1E4BO9HHN
200,169,1585229525504,1585229525673,1E4BJLFRA
200,150,1585229525604,1585229525754,1E4BQ0AVC
200,142,1585229525704,1585229525846,1E4BN8KEF
200,139,1585229525804,1585229525943,1E4BNROQB
200,133,1585229525904,1585229526037,1E4BNE41D
200,134,1585229526006,1585229526140,1E4BH2D83
200,160,1585229526104,1585229526264,1E4BOIC45
200,143,1585229526204,1585229526347,1E4BOPL99
200,154,1585229526304,1585229526458,1E4BHIOD4
200,160,1585229526404,1585229526564,1E4BL4IA9
200,161,1585229526504,1585229526665,1E4BOIKPN
200,172,1585229526604,1585229526776,1E4BIEMAE
200,135,1585229526704,1585229526839,1E4BJ9UD3
200,157,1585229526804,1585229526961,1E4BMFGPI
200,132,1585229526905,1585229527037,1E4BJQ7Q1
200,192,1585229527004,1585229527196,1E4BPTAJR
200,184,1585229527105,1585229527289,1E4BNSTAG
200,211,1585229527204,1585229527415,1E4BLTTN9
200,213,1585229527304,1585229527517,1E4BKNKDO
200,144,1585229527404,1585229527548,1E4BIU8GM
200,141,1585229527504,1585229527645,1E4BH0LUA
200,162,1585229527604,1585229527766,1E4BOQ9NN
200,176,1585229527704,1585229527880,1E4BPM009
200,145,1585229527809,1585229527954,1E4BPTOJI
200,143,1585229527909,1585229528052,1E4BP7LE0
200,151,1585229528005,1585229528156,1E4BQ2G61
200,146,1585229528105,1585229528251,1E4BO5DCN
200,146,1585229528204,1585229528350,1E4BJMN6L
200,193,1585229528304,1585229528497,1E4BJH6K0
200,227,1585229528404,1585229528631,1E4BJBO63
200,217,1585229528504,1585229528721,1E4BLQSLA
200,141,1585229528604,1585229528745,1E4BN2B2L
200,225,1585229528704,1585229528929,1E4BKP53K
200,201,1585229528804,1585229529005,1E4BLBD8I
200,178,1585229528905,1585229529083,1E4BK5HGB
200,132,1585229529005,1585229529137,1E4BLKA1Q
200,145,1585229529104,1585229529249,1E4BPGNSS
200,142,1585229529204,1585229529346,1E4BJJS8C
200,134,1585229529305,1585229529439,1E4BMU0TT
200,136,1585229529404,1585229529540,1E4BPD83D
200,204,1585229529504,1585229529708,1E4BPNPH5
200,189,1585229529605,1585229529794,1E4BOM4UJ
200,157,1585229529704,1585229529861,1E4BLA4HS
200,147,1585229529804,1585229529951,1E4BO0VTR
200,162,1585229529905,1585229530067,1E4BKN1KG
200,227,1585229530005,1585229530232,1E4BMTFIB
200,162,1585229530104,1585229530266,1E4BQ2VSD
200,168,1585229530204,1585229530372,1E4BOSR7L
200,159,1585229530304,1585229530463,1E4BHRJ01
200,134,1585229530410,1585229530544,1E4BJ7UJD
200,142,1585229530505,1585229530647,1E4BHNDM3
200,137,1585229530604,1585229530741,1E4BPTSJV
200,153,1585229530704,1585229530857,1E4BMM3U3
200,176,1585229530805,1585229530981,1E4BPJJA3
200,174,1585229531004,1585229531178,1E4BNVM8F
200,178,1585229531104,1585229531282,1E4BLK7IK
200,157,1585229531204,1585229531361,1E4BO9M50
200,155,1585229531304,1585229531459,1E4BI74EG
200,163,1585229531404,1585229531567,1E4BQ660U
200,140,1585229531505,1585229531645,1E4BPR55O
200,136,1585229531604,1585229531740,1E4BL453B
200,155,1585229531704,1585229531859,1E4BLOV81
200,175,1585229531805,1585229531980,1E4BH5IPF
200,271,1585229531905,1585229532176,1E4BPEH4M
200,207,1585229532005,1585229532212,1E4BM8U6T
200,1308,1585229530904,1585229532212,1E4BLU1QU
200,167,1585229532105,1585229532272,1E4BHNH2I
200,242,1585229532206,1585229532448,1E4BN9UOJ
200,204,1585229532305,1585229532509,1E4BPBPJ8
200,155,1585229532405,1585229532560,1E4BM0CLB
200,130,1585229532505,1585229532635,1E4BMPK6O
200,144,1585229532605,1585229532749,1E4BK0FA2
200,162,1585229532705,1585229532867,1E4BISMC9
200,129,1585229532805,1585229532934,1E4BK9S93
200,153,1585229532908,1585229533061,1E4BIGTMO
200,179,1585229533005,1585229533184,1E4BMH49A
200,165,1585229533105,1585229533270,1E4BQ0970
200,150,1585229533205,1585229533355,1E4BPNKRL
200,127,1585229533305,1585229533432,1E4BOOCHN
200,184,1585229533405,1585229533589,1E4BGPP7U
200,186,1585229533505,1585229533691,1E4BQ1BIE
200,134,1585229533605,1585229533739,1E4BO8T6D
200,147,1585229533705,1585229533852,1E4BQ5U2I
200,161,1585229533805,1585229533966,1E4BM91LS
200,150,1585229533905,1585229534055,1E4BOSQCH
200,135,1585229534005,1585229534140,1E4BLHDJO
200,162,1585229534105,1585229534267,1E4BPIJCN
200,140,1585229534205,1585229534345,1E4BLFR6U
200,187,1585229534305,1585229534492,1E4BQ3HRA
200,172,1585229534405,1585229534577,1E4BKJOCO
200,134,1585229534505,1585229534639,1E4BI5DJ8
200,175,1585229534605,1585229534780,1E4BP9MM6
200,168,1585229534705,1585229534873,1E4BNBA2F
200,129,1585229534805,1585229534934,1E4BKN790
200,132,1585229534905,1585229535037,1E4BPU7N3
200,202,1585229535005,1585229535207,1E4BHRPH4
200,143,1585229535105,1585229535248,1E4BM4LQ2
200,183,1585229535205,1585229535388,1E4BNQEFN
200,163,1585229535305,1585229535468,1E4BLI604
200,162,1585229535408,1585229535570,1E4BKK5LD
200,256,1585229535505,1585229535761,1E4BKFRCJ
200,161,1585229535605,1585229535766,1E4BPRVQ2
200,158,1585229535705,1585229535863,1E4BMB0GP
200,156,1585229535805,1585229535961,1E4BM39AM
200,215,1585229535905,1585229536120,1E4BIE011
200,154,1585229536005,1585229536159,1E4BLJ5DI
200,129,1585229536105,1585229536234,1E4BQ1BR2
200,137,1585229536205,1585229536342,1E4BMA4O7
200,145,1585229536305,1585229536450,1E4BI5SP2
200,139,1585229536405,1585229536544,1E4BHJLMF
200,135,1585229536505,1585229536640,1E4BOPIIM
200,192,1585229536605,1585229536797,1E4BN8VCK
200,233,1585229536705,1585229536938,1E4BO4DTN
200,163,1585229536805,1585229536968,1E4BGT8EA
200,152,1585229536905,1585229537057,1E4BO1RP1
200,191,1585229537005,1585229537196,1E4BMCS80
200,165,1585229537105,1585229537270,1E4BITSTH
200,144,1585229537205,1585229537349,1E4BMQTT9
200,132,1585229537305,1585229537437,1E4BP1QQ5
200,196,1585229537405,1585229537601,1E4BMGLH0
200,144,1585229537505,1585229537649,1E4BOQ06P
200,137,1585229537605,1585229537742,1E4BMJ5KS
200,141,1585229537705,1585229537846,1E4BHPD2O
200,221,1585229537805,1585229538026,1E4BKOBVA
200,177,1585229537908,1585229538085,1E4BJUIVO
200,144,1585229538005,1585229538149,1E4BJSGQ4
200,159,1585229538105,1585229538264,1E4BOFAEU
200,195,1585229538208,1585229538403,1E4BMEJ9N
200,157,1585229538305,1585229538462,1E4BJS8UP
200,153,1585229538405,1585229538558,1E4BN2Q42
200,156,1585229538505,1585229538661,1E4BMA2R3
200,199,1585229538605,1585229538804,1E4BK2UGT
200,123,1585229538705,1585229538828,1E4BJRLFS
200,137,1585229538805,1585229538942,1E4BOJE9B
200,133,1585229538905,1585229539038,1E4BMU7R4
200,195,1585229539005,1585229539200,1E4BOPTHK
200,203,1585229539105,1585229539308,1E4BPMLPO
200,249,1585229539206,1585229539455,1E4BOJBU4
200,251,1585229539305,1585229539556,1E4BLRM67
200,231,1585229539405,1585229539636,1E4BN8DAQ
200,174,1585229539505,1585229539679,1E4BHC6C6
200,167,1585229539605,1585229539772,1E4BMR0LK
200,178,1585229539705,1585229539883,1E4BIPDL5
200,161,1585229539805,1585229539966,1E4BJHUOK
200,185,1585229539905,1585229540090,1E4BKHIMT
200,162,1585229540005,1585229540167,1E4BMQB90
200,165,1585229540105,1585229540270,1E4BMAPOQ
200,226,1585229540205,1585229540431,1E4BKGI7Q
200,174,1585229540305,1585229540479,1E4BGTOJU
200,137,1585229540409,1585229540546,1E4BGTF2U
200,166,1585229540505,1585229540671,1E4BMJ49J
200,176,1585229540605,1585229540781,1E4BKA6SF
200,138,1585229540705,1585229540843,1E4BH8M42
200,168,1585229540805,1585229540973,1E4BJMDBB
200,173,1585229540905,1585229541078,1E4BH7O28
200,157,1585229541005,1585229541162,1E4BL0NVI
200,131,1585229541105,1585229541236,1E4BJH19S
200,139,1585229541205,1585229541344,1E4BN6NSI
200,240,1585229541305,1585229541545,1E4BIFOJQ
200,227,1585229541405,1585229541632,1E4BMNKCR
200,189,1585229541505,1585229541694,1E4BNJIL8
200,127,1585229541605,1585229541732,1E4BL0126
200,226,1585229541705,1585229541931,1E4BI01I4
200,175,1585229541805,1585229541980,1E4BNGMKP
200,135,1585229541905,1585229542040,1E4BM6VN7
200,167,1585229542005,1585229542172,1E4BI0QM0
200,177,1585229542105,1585229542282,1E4BHE11U
200,142,1585229542205,1585229542347,1E4BO82M7
200,141,1585229542305,1585229542446,1E4BKHQ2C
200,151,1585229542405,1585229542556,1E4BJN1TG
200,196,1585229542505,1585229542701,1E4BPR5GV
200,212,1585229542607,1585229542819,1E4BL3CR8
200,174,1585229542705,1585229542879,1E4BOBREL
200,163,1585229542805,1585229542968,1E4BL7M8C
200,220,1585229542908,1585229543128,1E4BOSJLS
200,183,1585229543005,1585229543188,1E4BJK43A
200,232,1585229543105,1585229543337,1E4BP0KGR
200,171,1585229543205,1585229543376,1E4BPBEEE
200,142,1585229543305,1585229543447,1E4BMG1SM
200,133,1585229543405,1585229543538,1E4BKP9UE
200,147,1585229543505,1585229543652,1E4BI6T5E
200,145,1585229543605,1585229543750,1E4BJ7ETE
200,180,1585229543705,1585229543885,1E4BOSV16
200,204,1585229543805,1585229544009,1E4BHABKN
200,175,1585229543905,1585229544080,1E4BKT6MO
200,158,1585229544005,1585229544163,1E4BLTK1E
200,172,1585229544105,1585229544277,1E4BQ5KCH
200,154,1585229544205,1585229544359,1E4BNE5QF
200,131,1585229544305,1585229544436,1E4BIU94C
200,165,1585229544405,1585229544570,1E4BKGCG6
200,132,1585229544505,1585229544637,1E4BISHME
200,134,1585229544605,1585229544739,1E4BHLHPN
200,136,1585229544705,1585229544841,1E4BO6GQN
200,151,1585229544805,1585229544956,1E4BO7P7G
200,248,1585229544905,1585229545153,1E4BN519F
200,204,1585229545005,1585229545209,1E4BIV3P0
200,179,1585229545105,1585229545284,1E4BMT6H5
200,184,1585229545205,1585229545389,1E4BLRBPS
200,182,1585229545305,1585229545487,1E4BN8KVL
200,249,1585229545409,1585229545658,1E4BO7IU0
200,164,1585229545505,1585229545669,1E4BN50ON
200,162,1585229545605,1585229545767,1E4BNK0F6
200,146,1585229545705,1585229545851,1E4BMDK7H
200,154,1585229545805,1585229545959,1E4BIK15S
200,166,1585229545905,1585229546071,1E4BK64ON
200,159,1585229546005,1585229546164,1E4BOFSAE
200,264,1585229546206,1585229546470,1E4BIL0Q8
200,446,1585229546105,1585229546551,1E4BMPIJE
200,228,1585229546405,1585229546633,1E4BJJAQO
200,186,1585229546505,1585229546691,1E4BNII3V
200,250,1585229546605,1585229546855,1E4BKASBM
200,575,1585229546305,1585229546880,1E4BHER2H
200,202,1585229546705,1585229546907,1E4BLG01J
200,185,1585229546805,1585229546990,1E4BQ4NGE
200,267,1585229546905,1585229547172,1E4BPCT8U
200,172,1585229547005,1585229547177,1E4BHLSU7
200,172,1585229547105,1585229547277,1E4BLFHGD
200,177,1585229547205,1585229547382,1E4BO9TBF
200,196,1585229547305,1585229547501,1E4BJ015S
200,207,1585229547405,1585229547612,1E4BMNRI8
200,250,1585229547505,1585229547755,1E4BKLJMJ
200,191,1585229547605,1585229547796,1E4BMEN3C
200,169,1585229547705,1585229547874,1E4BPS4AH
200,166,1585229547807,1585229547973,1E4BOJK0A
200,209,1585229547908,1585229548117,1E4BH5B6V
200,172,1585229548005,1585229548177,1E4BMO6GH
200,190,1585229548105,1585229548295,1E4BHLM5E
200,170,1585229548205,1585229548375,1E4BLQQ33
200,163,1585229548305,1585229548468,1E4BIG9HU
200,227,1585229548405,1585229548632,1E4BO7UPV
200,215,1585229548505,1585229548720,1E4BO438L
200,235,1585229548605,1585229548840,1E4BNMVDV
200,239,1585229548705,1585229548944,1E4BIKIQF
200,199,1585229548805,1585229549004,1E4BPE7OV
200,138,1585229548905,1585229549043,1E4BM4T9U
200,135,1585229549005,1585229549140,1E4BLM9O7
200,275,1585229549105,1585229549380,1E4BH4DKE
200,235,1585229549205,1585229549440,1E4BI9RLN
200,177,1585229549305,1585229549482,1E4BI8OEU
200,148,1585229549405,1585229549553,1E4BLIGJD
200,261,1585229549505,1585229549766,1E4BKPBE7
200,217,1585229549605,1585229549822,1E4BH1KLS
200,178,1585229549705,1585229549883,1E4BNNFVF
200,216,1585229549805,1585229550021,1E4BKAT5E
200,247,1585229549905,1585229550152,1E4BHHUQL
200,197,1585229550006,1585229550203,1E4BNOTTA
200,128,1585229550105,1585229550233,1E4BI1RHK
200,147,1585229550205,1585229550352,1E4BPD7HF
200,175,1585229550305,1585229550480,1E4BP0V5Q
200,194,1585229550410,1585229550604,1E4BM19SR
200,145,1585229550505,1585229550650,1E4BKU53G
200,145,1585229550605,1585229550750,1E4BMK7S7
200,151,1585229550705,1585229550856,1E4BM67QU
200,177,1585229550805,1585229550982,1E4BIO4FI
200,264,1585229550905,1585229551169,1E4BMED2P
200,269,1585229551005,1585229551274,1E4BJ5856
200,315,1585229551105,1585229551420,1E4BOQ2S6
200,234,1585229551205,1585229551439,1E4BN302K
200,158,1585229551305,1585229551463,1E4BOO828
200,203,1585229551405,1585229551608,1E4BKO6RV
200,214,1585229551505,1585229551719,1E4BKNM0Q
200,227,1585229551605,1585229551832,1E4BQ40FU
200,144,1585229551705,1585229551849,1E4BN5JJD
200,134,1585229551805,1585229551939,1E4BK4MG2
200,151,1585229551905,1585229552056,1E4BIK7MC
200,166,1585229552005,1585229552171,1E4BLPPCJ
200,171,1585229552105,1585229552276,1E4BMIHRE
200,231,1585229552205,1585229552436,1E4BLBNOA
200,235,1585229552305,1585229552540,1E4BGTMM2
200,174,1585229552405,1585229552579,1E4BNCSMU
200,137,1585229552505,1585229552642,1E4BH91E2
200,172,1585229552605,1585229552777,1E4BISN2Q
200,166,1585229552705,1585229552871,1E4BMKMBR
200,185,1585229552805,1585229552990,1E4BI7N24
200,153,1585229552909,1585229553062,1E4BO2EFK
200,167,1585229553005,1585229553172,1E4BJSPO3
200,176,1585229553105,1585229553281,1E4BHPTV8
200,262,1585229553205,1585229553467,1E4BL5K75
200,209,1585229553305,1585229553514,1E4BJPEDF
200,336,1585229553405,1585229553741,1E4BL31DU
200,283,1585229553505,1585229553788,1E4BMVU9M
200,192,1585229553605,1585229553797,1E4BK5OR6
200,139,1585229553705,1585229553844,1E4BHN95F
200,162,1585229553805,1585229553967,1E4BPQBUD
200,188,1585229553905,1585229554093,1E4BKOJ30
200,215,1585229554005,1585229554220,1E4BJSS0C
200,155,1585229554105,1585229554260,1E4BOK53L
200,141,1585229554205,1585229554346,1E4BPN5N7
200,137,1585229554305,1585229554442,1E4BPSMFG
200,252,1585229554405,1585229554657,1E4BOG2NF
200,282,1585229554505,1585229554787,1E4BJFO1I
200,265,1585229554605,1585229554870,1E4BI22D1
200,212,1585229554705,1585229554917,1E4BK5Q1A
200,166,1585229554805,1585229554971,1E4BJR0IQ
200,157,1585229554905,1585229555062,1E4BJ764L
200,176,1585229555005,1585229555181,1E4BL12CA
200,201,1585229555106,1585229555307,1E4BHA0VH
200,157,1585229555206,1585229555363,1E4BMPU0P
200,149,1585229555305,1585229555454,1E4BOGMFB
200,169,1585229555410,1585229555579,1E4BLC000
200,153,1585229555505,1585229555658,1E4BPJOAK
200,163,1585229555605,1585229555768,1E4BNBSPL
200,206,1585229555705,1585229555911,1E4BK3R6S
200,250,1585229555805,1585229556055,1E4BLFOK0
200,226,1585229555905,1585229556131,1E4BIUUOD
200,188,1585229556005,1585229556193,1E4BMG2FK
200,162,1585229556106,1585229556268,1E4BL7FFR
200,152,1585229556205,1585229556357,1E4BK7M23
200,190,1585229556305,1585229556495,1E4BLMRBJ
200,139,1585229556405,1585229556544,1E4BK75DO
200,185,1585229556505,1585229556690,1E4BMIBFU
200,170,1585229556605,1585229556775,1E4BKHS6S
200,190,1585229556707,1585229556897,1E4BIVUNU
200,450,1585229556805,1585229557255,1E4BICVTH
200,495,1585229556905,1585229557400,1E4BI6CS4
200,411,1585229557005,1585229557416,1E4BNSFEQ
200,313,1585229557105,1585229557418,1E4BN4CO2
200,237,1585229557205,1585229557442,1E4BHN5DI
200,169,1585229557306,1585229557475,1E4BOPI63
200,151,1585229557405,1585229557556,1E4BJJI19
200,171,1585229557505,1585229557676,1E4BHC6JS
200,185,1585229557706,1585229557891,1E4BPS2FR
200,229,1585229557807,1585229558036,1E4BIT2H2
200,493,1585229557605,1585229558098,1E4BKMMUA
200,329,1585229557910,1585229558239,1E4BLIHT9
200,310,1585229558005,1585229558315,1E4BI60T5
200,293,1585229558105,1585229558398,1E4BNN2RC
200,349,1585229558205,1585229558554,1E4BJRCK8
200,272,1585229558305,1585229558577,1E4BP2VTQ
200,238,1585229558405,1585229558643,1E4BO1HCR
200,145,1585229558505,1585229558650,1E4BPV6NU
200,141,1585229558605,1585229558746,1E4BN0OMD
200,190,1585229558705,1585229558895,1E4BJ7PI3
200,219,1585229558805,1585229559024,1E4BJ748K
200,137,1585229559005,1585229559142,1E4BN6J0E
200,131,1585229559105,1585229559236,1E4BOS9MB
200,153,1585229559205,1585229559358,1E4BGPQOE
200,463,1585229558905,1585229559368,1E4BKN5LU
200,267,1585229559305,1585229559572,1E4BM80HK
200,352,1585229559505,1585229559857,1E4BLLQKP
200,280,1585229559605,1585229559885,1E4BL11T5
200,181,1585229559705,1585229559886,1E4BJH09J
200,534,1585229559405,1585229559939,1E4BQ6FSR
200,148,1585229559805,1585229559953,1E4BLRT2I
200,199,1585229559905,1585229560104,1E4BMFR5U
200,192,1585229560005,1585229560197,1E4BOKFCT
200,167,1585229560105,1585229560272,1E4BPD568
200,134,1585229560205,1585229560339,1E4BLA7D5
200,133,1585229560305,1585229560438,1E4BOLIE1
200,160,1585229560410,1585229560570,1E4BKI95D
200,233,1585229560505,1585229560738,1E4BJU34R
200,376,1585229560605,1585229560981,1E4BNVU6P
200,326,1585229560705,1585229561031,1E4BP4ST8
200,246,1585229560805,1585229561051,1E4BPHLU9
200,190,1585229560905,1585229561095,1E4BOBIK6
200,156,1585229561005,1585229561161,1E4BO3PG7
200,240,1585229561105,1585229561345,1E4BL41PE
200,159,1585229561205,1585229561364,1E4BOK0A7
200,132,1585229561305,1585229561437,1E4BM81DJ
200,146,1585229561405,1585229561551,1E4BHIMU7
200,174,1585229561605,1585229561779,1E4BPB3CO
200,346,1585229561505,1585229561851,1E4BP9SJQ
200,271,1585229561705,1585229561976,1E4BNI9IJ
200,251,1585229561805,1585229562056,1E4BORM4L
200,319,1585229561905,1585229562224,1E4BPI1HI
200,283,1585229562005,1585229562288,1E4BHO4N4
200,216,1585229562105,1585229562321,1E4BL8O9H
200,146,1585229562205,1585229562351,1E4BK554B
200,184,1585229562305,1585229562489,1E4BO7DIE
200,138,1585229562405,1585229562543,1E4BIQFS5
200,204,1585229562505,1585229562709,1E4BM132T
200,167,1585229562605,1585229562772,1E4BKC806
200,129,1585229562705,1585229562834,1E4BIU049
200,183,1585229562805,1585229562988,1E4BIVCOO
200,254,1585229562910,1585229563164,1E4BPL987
200,207,1585229563005,1585229563212,1E4BK6AL0
200,189,1585229563105,1585229563294,1E4BK1R41
200,226,1585229563405,1585229563631,1E4BK54TI
200,192,1585229563505,1585229563697,1E4BNCFKU
200,539,1585229563205,1585229563744,1E4BMTRG1
200,143,1585229563605,1585229563748,1E4BGRIQK
200,444,1585229563305,1585229563749,1E4BOBDV8
200,160,1585229563705,1585229563865,1E4BMUUUU
200,158,1585229563805,1585229563963,1E4BL7V1N
200,184,1585229563905,1585229564089,1E4BJE8TQ
200,230,1585229564005,1585229564235,1E4BJ2EKE
200,254,1585229564105,1585229564359,1E4BJB9PM
200,190,1585229564205,1585229564395,1E4BO8MBG
200,263,1585229564305,1585229564568,1E4BHIV5C
200,266,1585229564405,1585229564671,1E4BNNUVJ
200,240,1585229564505,1585229564745,1E4BQ7A8P
200,279,1585229564607,1585229564886,1E4BNOS19
200,278,1585229564706,1585229564984,1E4BPNF41
200,248,1585229564805,1585229565053,1E4BH1I7V
200,204,1585229564905,1585229565109,1E4BJPPC0
200,148,1585229565005,1585229565153,1E4BPHRN4
200,160,1585229565105,1585229565265,1E4BQ5N5V
200,231,1585229565205,1585229565436,1E4BORNJE
200,226,1585229565305,1585229565531,1E4BJ1A1K
200,199,1585229565410,1585229565609,1E4BK6GE2
200,291,1585229565506,1585229565797,1E4BMGFLD
200,288,1585229565606,1585229565894,1E4BO3VMK
200,213,1585229565706,1585229565919,1E4BLHM67
200,160,1585229565806,1585229565966,1E4BOMTLM
200,171,1585229565906,1585229566077,1E4BODKSM
200,154,1585229566006,1585229566160,1E4BJA97H
200,153,1585229566106,1585229566259,1E4BGNIT1
200,146,1585229566206,1585229566352,1E4BPRBJ7
200,203,1585229566306,1585229566509,1E4BKEO4B
200,242,1585229566406,1585229566648,1E4BMGVMM
200,218,1585229566506,1585229566724,1E4BHI6S4
200,201,1585229566606,1585229566807,1E4BNN8O9
200,217,1585229566706,1585229566923,1E4BK7V3T
200,269,1585229566806,1585229567075,1E4BMHAP5
200,254,1585229566906,1585229567160,1E4BJTHKD
200,196,1585229567006,1585229567202,1E4BP6MFD
200,166,1585229567106,1585229567272,1E4BO1FVQ
200,137,1585229567206,1585229567343,1E4BIQA40
200,138,1585229567306,1585229567444,1E4BJT0TE
200,154,1585229567406,1585229567560,1E4BK0NIA
200,177,1585229567506,1585229567683,1E4BHT2EL
200,349,1585229567606,1585229567955,1E4BNFNOH
200,311,1585229567706,1585229568017,1E4BOUGVR
200,310,1585229567807,1585229568117,1E4BPUN8S
200,252,1585229567909,1585229568161,1E4BONF55
200,316,1585229568006,1585229568322,1E4BOGJEV
200,247,1585229568106,1585229568353,1E4BLAN8T
200,212,1585229568206,1585229568418,1E4BPR4J2
200,180,1585229568306,1585229568486,1E4BNH3MM
200,140,1585229568406,1585229568546,1E4BLO3CF
200,145,1585229568506,1585229568651,1E4BPS23J
200,182,1585229568606,1585229568788,1E4BND9TT
200,175,1585229568706,1585229568881,1E4BLAOQP
200,208,1585229568806,1585229569014,1E4BPUMGN
200,237,1585229568906,1585229569143,1E4BLF5QU
200,244,1585229569006,1585229569250,1E4BK05JK
200,271,1585229569106,1585229569377,1E4BP2KGE
200,243,1585229569206,1585229569449,1E4BKJ3QM
200,245,1585229569306,1585229569551,1E4BOMB1H
200,197,1585229569406,1585229569603,1E4BIRB0F
200,162,1585229569506,1585229569668,1E4BJK2EH
200,149,1585229569706,1585229569855,1E4BL9KN5
200,250,1585229569606,1585229569856,1E4BNVBI2
200,209,1585229569806,1585229570015,1E4BGOTID
200,231,1585229569906,1585229570137,1E4BITRLM
200,205,1585229570006,1585229570211,1E4BMU798
200,192,1585229570106,1585229570298,1E4BM64I8
200,210,1585229570206,1585229570416,1E4BJ5QLU
200,262,1585229570306,1585229570568,1E4BLTAC3
200,207,1585229570409,1585229570616,1E4BP6HG6
200,230,1585229570506,1585229570736,1E4BMMEA3
200,211,1585229570606,1585229570817,1E4BKBTV4
200,150,1585229570706,1585229570856,1E4BOJM59
200,138,1585229570806,1585229570944,1E4BLUQH2
200,278,1585229570906,1585229571184,1E4BNMFQE
200,180,1585229571006,1585229571186,1E4BN3C56
200,226,1585229571106,1585229571332,1E4BL4LVK
200,191,1585229571206,1585229571397,1E4BMOR74
200,190,1585229571306,1585229571496,1E4BKUPAJ
200,220,1585229571406,1585229571626,1E4BJUSRK
200,193,1585229571506,1585229571699,1E4BMGMQG
200,271,1585229571606,1585229571877,1E4BM1FLJ
200,241,1585229571706,1585229571947,1E4BJ45NU
200,217,1585229571806,1585229572023,1E4BLHH58
200,194,1585229571906,1585229572100,1E4BIOI6O
200,140,1585229572006,1585229572146,1E4BHPU5G
200,170,1585229572106,1585229572276,1E4BQ0PDB
200,165,1585229572206,1585229572371,1E4BNFQI8
200,277,1585229572306,1585229572583,1E4BIM316
200,370,1585229572406,1585229572776,1E4BOU0GM
200,332,1585229572506,1585229572838,1E4BHD0NP
200,255,1585229572706,1585229572961,1E4BN3EHG
200,355,1585229572606,1585229572961,1E4BIH191
200,262,1585229572806,1585229573068,1E4BM8GOG
200,169,1585229572910,1585229573079,1E4BJN7ER
200,205,1585229573006,1585229573211,1E4BODVH7
200,179,1585229573106,1585229573285,1E4BPEMKK
200,158,1585229573206,1585229573364,1E4BPLVL6
200,207,1585229573406,1585229573613,1E4BMD27N
200,220,1585229573506,1585229573726,1E4BKFB1E
200,211,1585229573606,1585229573817,1E4BMFN2T
200,594,1585229573306,1585229573900,1E4BPN53U
200,259,1585229573706,1585229573965,1E4BPSCBJ
200,249,1585229573806,1585229574055,1E4BPQMBU
200,247,1585229573906,1585229574153,1E4BM4116
200,214,1585229574006,1585229574220,1E4BPBQQ3
200,208,1585229574106,1585229574314,1E4BN8L2Q
200,211,1585229574206,1585229574417,1E4BIMNJT
200,176,1585229574306,1585229574482,1E4BH5UUS
200,148,1585229574406,1585229574554,1E4BH9E49
200,199,1585229574506,1585229574705,1E4BI7IT9
200,230,1585229574606,1585229574836,1E4BJQO9I
200,373,1585229574706,1585229575079,1E4BOOUAV
200,328,1585229574806,1585229575134,1E4BJCDM9
200,297,1585229574906,1585229575203,1E4BHOADN
200,283,1585229575006,1585229575289,1E4BICKUE
200,225,1585229575106,1585229575331,1E4BIR7HR
200,216,1585229575206,1585229575422,1E4BO41VG
200,175,1585229575306,1585229575481,1E4BL9QN4
200,228,1585229575410,1585229575638,1E4BJNLOP
200,184,1585229575506,1585229575690,1E4BGOI52
200,153,1585229575606,1585229575759,1E4BJ94B6
200,225,1585229575706,1585229575931,1E4BKVM2F
200,284,1585229575806,1585229576090,1E4BK5G3M
200,242,1585229575906,1585229576148,1E4BN4H37
200,253,1585229576006,1585229576259,1E4BKUBSR
200,288,1585229576106,1585229576394,1E4BL5932
200,306,1585229576206,1585229576512,1E4BLNMV9
200,256,1585229576306,1585229576562,1E4BLUSDQ
200,224,1585229576406,1585229576630,1E4BJ5MO2
200,213,1585229576506,1585229576719,1E4BM35VA
200,216,1585229576606,1585229576822,1E4BO89IO
200,178,1585229576706,1585229576884,1E4BKHDF8
200,161,1585229576806,1585229576967,1E4BL2OFH
200,199,1585229576906,1585229577105,1E4BL9FS4
200,212,1585229577006,1585229577218,1E4BM3LPA
200,279,1585229577106,1585229577385,1E4BNOHQA
200,268,1585229577206,1585229577474,1E4BO3NVE
200,297,1585229577311,1585229577608,1E4BHMM72
200,292,1585229577406,1585229577698,1E4BPH652
200,347,1585229577506,1585229577853,1E4BN2JIH
200,328,1585229577606,1585229577934,1E4BJRE3F
200,278,1585229577706,1585229577984,1E4BGPDP7
200,219,1585229577808,1585229578027,1E4BHTTOO
200,172,1585229577909,1585229578081,1E4BPTV1M
200,161,1585229578006,1585229578167,1E4BPUS6K
200,250,1585229578106,1585229578356,1E4BMAP9F
200,335,1585229578206,1585229578541,1E4BLONDC
200,265,1585229578306,1585229578571,1E4BH3VJJ
200,302,1585229578406,1585229578708,1E4BGU7SA
200,229,1585229578506,1585229578735,1E4BN2209
200,251,1585229578606,1585229578857,1E4BLGHAC
200,246,1585229578706,1585229578952,1E4BP3R3A
200,370,1585229578806,1585229579176,1E4BLJLEB
200,304,1585229578906,1585229579210,1E4BNOHRA
200,238,1585229579006,1585229579244,1E4BNUI61
200,154,1585229579106,1585229579260,1E4BHP05E
200,136,1585229579206,1585229579342,1E4BP273S
200,247,1585229579306,1585229579553,1E4BLLOB6
200,331,1585229579406,1585229579737,1E4BH65E9
200,288,1585229579506,1585229579794,1E4BM54KB
200,295,1585229579606,1585229579901,1E4BH358U
200,232,1585229579706,1585229579938,1E4BM564N
200,181,1585229579806,1585229579987,1E4BLCH7K
200,255,1585229579906,1585229580161,1E4BIDMO0
200,348,1585229580006,1585229580354,1E4BHSGK9
200,270,1585229580106,1585229580376,1E4BOV3V2
200,210,1585229580206,1585229580416,1E4BPLTFP
200,134,1585229580306,1585229580440,1E4BKMMU6
200,142,1585229580410,1585229580552,1E4BNLBL1
200,280,1585229580506,1585229580786,1E4BK5BHP
200,503,1585229580606,1585229581109,1E4BH7O8N
200,418,1585229580706,1585229581124,1E4BPV8PR
200,401,1585229580806,1585229581207,1E4BIHK0K
200,308,1585229580906,1585229581214,1E4BMFMRR
200,247,1585229581006,1585229581253,1E4BN00A9
200,202,1585229581106,1585229581308,1E4BIRVKG
200,335,1585229581208,1585229581543,1E4BK37IO
200,268,1585229581306,1585229581574,1E4BJ5QIH
200,216,1585229581406,1585229581622,1E4BMO851
200,139,1585229581506,1585229581645,1E4BJU5SI
200,207,1585229581606,1585229581813,1E4BJ7ANN
200,277,1585229581706,1585229581983,1E4BLIPPG
200,341,1585229581806,1585229582147,1E4BJUR5N
200,330,1585229581906,1585229582236,1E4BI2K9C
200,382,1585229582006,1585229582388,1E4BLM2JE
200,330,1585229582106,1585229582436,1E4BMD1Q9
200,258,1585229582206,1585229582464,1E4BGQEF2
200,227,1585229582306,1585229582533,1E4BLVSU6
200,328,1585229582406,1585229582734,1E4BHDSA5
200,269,1585229582506,1585229582775,1E4BMHHIL
200,230,1585229582606,1585229582836,1E4BNIHM8
200,133,1585229582706,1585229582839,1E4BIRJSA
200,130,1585229582806,1585229582936,1E4BQ4FC1
200,375,1585229582910,1585229583285,1E4BHIUUE
200,549,1585229583006,1585229583555,1E4BJPRPI
200,470,1585229583106,1585229583576,1E4BPDQ75
200,462,1585229583206,1585229583668,1E4BGQRA4
200,383,1585229583306,1585229583689,1E4BLL4A1
200,364,1585229583406,1585229583770,1E4BLB76G
200,342,1585229583506,1585229583848,1E4BNJMI8
200,335,1585229583606,1585229583941,1E4BKTSE8
200,249,1585229583706,1585229583955,1E4BPG04K
200,184,1585229583806,1585229583990,1E4BIQTG5
200,150,1585229583907,1585229584057,1E4BPEH31
200,176,1585229584006,1585229584182,1E4BK3PLK
200,294,1585229584106,1585229584400,1E4BLHQHL
200,231,1585229584206,1585229584437,1E4BGOES0
200,181,1585229584306,1585229584487,1E4BMGMO0
200,464,1585229584406,1585229584870,1E4BPM1QV
200,496,1585229584506,1585229585002,1E4BK41CQ
200,443,1585229584606,1585229585049,1E4BPFVMN
200,416,1585229584706,1585229585122,1E4BP5462
200,319,1585229584806,1585229585125,1E4BQ4OOF
200,256,1585229584906,1585229585162,1E4BP22HA
200,226,1585229585006,1585229585232,1E4BNPQNF
200,199,1585229585106,1585229585305,1E4BPG8VH
200,197,1585229585206,1585229585403,1E4BHESQL
200,276,1585229585306,1585229585582,1E4BMVP7K
200,254,1585229585410,1585229585664,1E4BIQK24
200,259,1585229585506,1585229585765,1E4BJTFMM
200,327,1585229585606,1585229585933,1E4BKTBKB
200,292,1585229585706,1585229585998,1E4BHETSO
200,278,1585229585806,1585229586084,1E4BIINOD
200,375,1585229585907,1585229586282,1E4BGSROB
200,369,1585229586006,1585229586375,1E4BMMS4U
200,276,1585229586106,1585229586382,1E4BOOK02
200,186,1585229586206,1585229586392,1E4BHNNPS
200,192,1585229586306,1585229586498,1E4BI5G0R
200,207,1585229586406,1585229586613,1E4BMRL09
200,248,1585229586506,1585229586754,1E4BGUU8O
200,228,1585229586606,1585229586834,1E4BICPBC
200,163,1585229586706,1585229586869,1E4BOMTB1
200,236,1585229586806,1585229587042,1E4BMPD4H
200,312,1585229586906,1585229587218,1E4BL91FC
200,314,1585229587006,1585229587320,1E4BJBUJT
200,323,1585229587106,1585229587429,1E4BJ2D9L
200,319,1585229587206,1585229587525,1E4BN6RRT
200,271,1585229587306,1585229587577,1E4BJVDBO
200,255,1585229587406,1585229587661,1E4BHD9N7
200,160,1585229587507,1585229587667,1E4BIQGA7
200,207,1585229587606,1585229587813,1E4BIU1FJ
200,332,1585229587706,1585229588038,1E4BM5B2B
200,312,1585229587809,1585229588121,1E4BJL3V6
200,242,1585229587910,1585229588152,1E4BN3NI1
200,286,1585229588006,1585229588292,1E4BM6L93
200,280,1585229588106,1585229588386,1E4BH2VNK
200,236,1585229588206,1585229588442,1E4BP94NK
200,234,1585229588306,1585229588540,1E4BKS7VT
200,303,1585229588406,1585229588709,1E4BHDJP8
200,274,1585229588506,1585229588780,1E4BI0KU6
200,276,1585229588606,1585229588882,1E4BOUUCM
200,239,1585229588706,1585229588945,1E4BMSHPQ
200,210,1585229588806,1585229589016,1E4BIKDR7
200,252,1585229588906,1585229589158,1E4BPSS4S
200,235,1585229589006,1585229589241,1E4BKOIC5
200,186,1585229589106,1585229589292,1E4BHNKRV
200,268,1585229589206,1585229589474,1E4BJBV0L
200,315,1585229589306,1585229589621,1E4BOLPPV
200,416,1585229589406,1585229589822,1E4BJU3LA
200,317,1585229589506,1585229589823,1E4BJTK1E
200,284,1585229589606,1585229589890,1E4BNQSRD
200,354,1585229589706,1585229590060,1E4BMAK80
200,310,1585229589806,1585229590116,1E4BOQFKF
200,272,1585229589906,1585229590178,1E4BKMP0L
200,305,1585229590006,1585229590311,1E4BJ9V29
200,285,1585229590106,1585229590391,1E4BM9EPV
200,262,1585229590206,1585229590468,1E4BH4J4R
200,243,1585229590306,1585229590549,1E4BHKU61
200,176,1585229590410,1585229590586,1E4BJID0A
200,273,1585229590506,1585229590779,1E4BK4R1T
200,453,1585229590606,1585229591059,1E4BPG304
200,360,1585229590706,1585229591066,1E4BKG0LI
200,279,1585229590806,1585229591085,1E4BN98NA
200,256,1585229590906,1585229591162,1E4BGQMSP
200,294,1585229591006,1585229591300,1E4BLE554
200,469,1585229591106,1585229591575,1E4BP3DVA
200,400,1585229591206,1585229591606,1E4BHB38E
200,354,1585229591306,1585229591660,1E4BLATCV
200,318,1585229591406,1585229591724,1E4BH675P
200,237,1585229591506,1585229591743,1E4BLHSDO
200,206,1585229591606,1585229591812,1E4BLHECT
200,243,1585229591706,1585229591949,1E4BHNFO7
200,267,1585229591806,1585229592073,1E4BOHQCV
200,344,1585229591906,1585229592250,1E4BI5PL4
200,269,1585229592006,1585229592275,1E4BQ0KH5
200,325,1585229592106,1585229592431,1E4BK03LU
200,226,1585229592206,1585229592432,1E4BKQ7Q3
200,379,1585229592306,1585229592685,1E4BM7LPL
200,382,1585229592506,1585229592888,1E4BPSQBN
200,354,1585229592606,1585229592960,1E4BOIHG1
200,587,1585229592406,1585229592993,1E4BNBRFM
200,305,1585229592806,1585229593111,1E4BIHATO
200,406,1585229592706,1585229593112,1E4BPSODS
200,300,1585229592910,1585229593210,1E4BL0BB1
200,281,1585229593006,1585229593287,1E4BJ521V
200,265,1585229593106,1585229593371,1E4BN8C4D
200,314,1585229593206,1585229593520,1E4BH9LR2
200,283,1585229593306,1585229593589,1E4BNF4RF
200,228,1585229593406,1585229593634,1E4BKUJRR
200,334,1585229593506,1585229593840,1E4BH9BMJ
200,454,1585229593606,1585229594060,1E4BJ47G1
200,365,1585229593706,1585229594071,1E4BIMJT4
200,495,1585229593806,1585229594301,1E4BN0ET7
200,443,1585229593906,1585229594349,1E4BOUGM0
200,388,1585229594006,1585229594394,1E4BNFJN0
200,376,1585229594106,1585229594482,1E4BPFRQM
200,289,1585229594206,1585229594495,1E4BPBBI0
200,263,1585229594306,1585229594569,1E4BKT6AC
200,351,1585229594406,1585229594757,1E4BL1NI5
200,376,1585229594506,1585229594882,1E4BKEMFC
200,319,1585229594606,1585229594925,1E4BGP1TV
200,295,1585229594706,1585229595001,1E4BJNJ0L
200,306,1585229594806,1585229595112,1E4BIE0ES
200,308,1585229594906,1585229595214,1E4BN0V1I
200,278,1585229595006,1585229595284,1E4BQ8R8D
200,230,1585229595106,1585229595336,1E4BH3L6J
200,254,1585229595206,1585229595460,1E4BKJCMB
200,341,1585229595306,1585229595647,1E4BHI7K6
200,351,1585229595410,1585229595762,1E4BL5IB2
200,241,1585229595606,1585229595847,1E4BM0PD7
200,365,1585229595506,1585229595871,1E4BJG40V
200,547,1585229595706,1585229596253,1E4BHQUV6
200,1087,1585229595806,1585229596893,1E4BJ9N42
200,1323,1585229595906,1585229597229,1E4BIQMMQ
200,1233,1585229596006,1585229597239,1E4BO82SE
200,1045,1585229596206,1585229597251,1E4BMEHRN
200,964,1585229596306,1585229597270,1E4BKJVHP
200,897,1585229596406,1585229597303,1E4BIN69T
200,805,1585229596506,1585229597311,1E4BP7A3O
200,404,1585229596907,1585229597311,1E4BH13O5
200,606,1585229596706,1585229597312,1E4BKNVPH
200,530,1585229596806,1585229597336,1E4BQ7F2R
200,358,1585229597006,1585229597364,1E4BPU4LE
200,273,1585229597106,1585229597379,1E4BN5JDR
200,787,1585229596606,1585229597393,1E4BJJ48E
200,1314,1585229596106,1585229597420,1E4BGQPCL
200,227,1585229597206,1585229597433,1E4BHSJE9
200,234,1585229597306,1585229597540,1E4BKPSNU
200,173,1585229597406,1585229597579,1E4BITHPR
200,244,1585229597506,1585229597750,1E4BJ8UVO
200,244,1585229597606,1585229597850,1E4BPAT9E
200,239,1585229597706,1585229597945,1E4BKGFCA
200,259,1585229597807,1585229598066,1E4BOTU8H
200,252,1585229597910,1585229598162,1E4BOTNM2
200,378,1585229598009,1585229598387,1E4BMB5HN
200,566,1585229598107,1585229598673,1E4BLIJLP
200,496,1585229598206,1585229598702,1E4BKBRVH
200,467,1585229598306,1585229598773,1E4BI5M7I
200,417,1585229598406,1585229598823,1E4BLF03A
200,369,1585229598506,1585229598875,1E4BP0IR0
200,367,1585229598607,1585229598974,1E4BNQS6F
200,365,1585229598706,1585229599071,1E4BIKMEH
200,275,1585229598806,1585229599081,1E4BMMOMH
200,266,1585229598906,1585229599172,1E4BLE69G
200,268,1585229599006,1585229599274,1E4BH59EQ
200,314,1585229599106,1585229599420,1E4BPCR3O
200,326,1585229599206,1585229599532,1E4BMO5MM
200,387,1585229599306,1585229599693,1E4BN7EK9
200,421,1585229599406,1585229599827,1E4BIJ61Q
200,461,1585229599506,1585229599967,1E4BMH1AK
200,489,1585229599606,1585229600095,1E4BL80EL
200,424,1585229599706,1585229600130,1E4BITBPN
200,457,1585229599807,1585229600264,1E4BPBARQ
200,403,1585229599907,1585229600310,1E4BO3A2M
200,398,1585229600007,1585229600405,1E4BPTJHF
200,342,1585229600106,1585229600448,1E4BJREBU
200,304,1585229600206,1585229600510,1E4BLPDDJ
200,258,1585229600307,1585229600565,1E4BNKCGR
200,314,1585229600412,1585229600726,1E4BNR5PU
200,264,1585229600507,1585229600771,1E4BJSLN3
200,323,1585229600607,1585229600930,1E4BI95QB
200,309,1585229600707,1585229601016,1E4BJIJC2
200,311,1585229600807,1585229601118,1E4BLO710
200,354,1585229600907,1585229601261,1E4BMCAPJ
200,380,1585229601007,1585229601387,1E4BQ30I8
200,540,1585229601107,1585229601647,1E4BN1PMC
200,501,1585229601207,1585229601708,1E4BNJ2HT
200,403,1585229601307,1585229601710,1E4BK5E1R
200,422,1585229601407,1585229601829,1E4BPV73M
200,495,1585229601507,1585229602002,1E4BJCMA4
200,500,1585229601607,1585229602107,1E4BPVOST
200,549,1585229601707,1585229602256,1E4BJDVFQ
200,492,1585229601807,1585229602299,1E4BH95CV
200,488,1585229601907,1585229602396,1E4BQ8O0V
200,500,1585229602007,1585229602507,1E4BK911I
200,579,1585229602107,1585229602686,1E4BGVV12
200,572,1585229602207,1585229602779,1E4BM5QDJ
200,409,1585229602407,1585229602816,1E4BMK6FF
200,510,1585229602307,1585229602817,1E4BOI098
200,490,1585229602507,1585229602997,1E4BOMCLI
200,460,1585229602607,1585229603067,1E4BO19QF
200,561,1585229602707,1585229603268,1E4BJ6HEE
200,576,1585229602807,1585229603383,1E4BI4SQD
200,533,1585229602911,1585229603444,1E4BPP1GH
200,468,1585229603007,1585229603475,1E4BKHMJE
200,431,1585229603107,1585229603538,1E4BJ5MFJ
200,404,1585229603207,1585229603611,1E4BO8V2M
200,400,1585229603307,1585229603707,1E4BM3C7E
200,435,1585229603407,1585229603842,1E4BM337O
200,339,1585229603507,1585229603846,1E4BN1VRA
200,365,1585229603607,1585229603972,1E4BO3I26
200,423,1585229603707,1585229604130,1E4BJHD4H
200,661,1585229603807,1585229604468,1E4BGVNDA
200,610,1585229603907,1585229604517,1E4BP17KI
200,657,1585229604007,1585229604664,1E4BIE8OB
200,697,1585229604107,1585229604804,1E4BM734I
200,660,1585229604207,1585229604867,1E4BOGDJ8
200,661,1585229604307,1585229604968,1E4BKMKAD
200,704,1585229604407,1585229605111,1E4BNJ0UG
200,708,1585229604507,1585229605215,1E4BOEFND
200,727,1585229604607,1585229605334,1E4BPNKB9
200,681,1585229604707,1585229605388,1E4BO4RSB
200,579,1585229604907,1585229605486,1E4BNNAVD
200,720,1585229604807,1585229605527,1E4BOGVT9
200,516,1585229605107,1585229605623,1E4BPSQ9F
200,616,1585229605007,1585229605623,1E4BKQFT5
200,427,1585229605307,1585229605734,1E4BPMMEB
200,528,1585229605207,1585229605735,1E4BPQNNK
200,574,1585229605410,1585229605984,1E4BNU4HN
200,572,1585229605507,1585229606079,1E4BKL26K
200,603,1585229605607,1585229606210,1E4BLKUFC
200,592,1585229605707,1585229606299,1E4BLNS22
200,540,1585229605807,1585229606347,1E4BJ5FDQ
200,537,1585229605907,1585229606444,1E4BM6NMK
200,477,1585229606007,1585229606484,1E4BK8V1V
200,534,1585229606107,1585229606641,1E4BP1F4G
200,449,1585229606207,1585229606656,1E4BPIRKR
200,629,1585229606307,1585229606936,1E4BJOCDP
200,540,1585229606407,1585229606947,1E4BH6V72
200,541,1585229606507,1585229607048,1E4BPH6J9
200,544,1585229606607,1585229607151,1E4BLUQ5L
200,589,1585229606707,1585229607296,1E4BJPMR6
200,539,1585229606807,1585229607346,1E4BI5D9C
200,613,1585229606907,1585229607520,1E4BNCFO3
200,619,1585229607007,1585229607626,1E4BP72DO
200,578,1585229607107,1585229607685,1E4BI7JM6
200,627,1585229607207,1585229607834,1E4BODBOS
200,659,1585229607307,1585229607966,1E4BKSKLO
200,598,1585229607407,1585229608005,1E4BOSLU4
200,760,1585229607607,1585229608367,1E4BL0L8T
200,677,1585229607807,1585229608484,1E4BIA0OG
200,978,1585229607507,1585229608485,1E4BP0DP3
200,849,1585229607707,1585229608556,1E4BKKJF8
200,757,1585229607911,1585229608668,1E4BJO1N7
200,740,1585229608007,1585229608747,1E4BNQF7M
200,728,1585229608107,1585229608835,1E4BOQ9B9
200,699,1585229608207,1585229608906,1E4BK5I81
200,760,1585229608307,1585229609067,1E4BMT4GR
200,732,1585229608407,1585229609139,1E4BOK0AG
200,740,1585229608507,1585229609247,1E4BOAUB6
200,738,1585229608607,1585229609345,1E4BINRNB
200,795,1585229608707,1585229609502,1E4BP73L2
200,769,1585229608807,1585229609576,1E4BODHKR
200,857,1585229608907,1585229609764,1E4BJKHUD
200,943,1585229609007,1585229609950,1E4BHI419
200,880,1585229609107,1585229609987,1E4BM0FGS
200,868,1585229609207,1585229610075,1E4BPRPVG
200,879,1585229609307,1585229610186,1E4BOQESU
200,843,1585229609407,1585229610250,1E4BN3CLO
200,811,1585229609507,1585229610318,1E4BH3RM1
200,791,1585229609607,1585229610398,1E4BIMH13
200,744,1585229609707,1585229610451,1E4BIPSI6
200,693,1585229609807,1585229610500,1E4BO3LT5
200,809,1585229609907,1585229610716,1E4BILDKA
200,737,1585229610007,1585229610744,1E4BMD9BK
200,699,1585229610207,1585229610906,1E4BN398D
200,821,1585229610107,1585229610928,1E4BJLUJ3
200,860,1585229610307,1585229611167,1E4BJA0E1
200,918,1585229610411,1585229611329,1E4BO12EI
200,858,1585229610507,1585229611365,1E4BH6FGP
200,859,1585229610607,1585229611466,1E4BHKTR1
200,930,1585229610707,1585229611637,1E4BJ8SM6
200,921,1585229610907,1585229611828,1E4BP5JDB
200,948,1585229611007,1585229611955,1E4BOC546
200,1149,1585229610807,1585229611956,1E4BNC2HA
200,1004,1585229611107,1585229612111,1E4BIUG5M
200,943,1585229611207,1585229612150,1E4BM0O6R
200,950,1585229611307,1585229612257,1E4BKIT6R
200,963,1585229611407,1585229612370,1E4BGQTR5
200,898,1585229611507,1585229612405,1E4BJBCT5
200,861,1585229611607,1585229612468,1E4BQ8T64
200,878,1585229611707,1585229612585,1E4BLAT8G
200,890,1585229611807,1585229612697,1E4BHFESC
200,858,1585229611908,1585229612766,1E4BNCI4N
200,879,1585229612007,1585229612886,1E4BNL4MH
200,824,1585229612107,1585229612931,1E4BOASCF
200,883,1585229612207,1585229613090,1E4BNUKO4
200,875,1585229612307,1585229613182,1E4BQ8III
200,909,1585229612407,1585229613316,1E4BO95D4
200,1021,1585229612507,1585229613528,1E4BQ5VUR
200,1039,1585229612607,1585229613646,1E4BI0H65
200,1059,1585229612707,1585229613766,1E4BKSACT
200,1161,1585229612807,1585229613968,1E4BMT0NN
200,1190,1585229612911,1585229614101,1E4BMD8ES
200,1184,1585229613007,1585229614191,1E4BH3UGL
200,1127,1585229613107,1585229614234,1E4BI8F79
200,1200,1585229613207,1585229614407,1E4BMLBR1
200,1231,1585229613307,1585229614538,1E4BO01GB
200,1178,1585229613407,1585229614585,1E4BKTNIJ
200,1178,1585229613507,1585229614685,1E4BN7OQ4
200,1174,1585229613607,1585229614781,1E4BJ4IMG
200,1254,1585229613707,1585229614961,1E4BMFTDI
200,1245,1585229613807,1585229615052,1E4BL5G66
200,1179,1585229613907,1585229615086,1E4BM8890
200,1120,1585229614007,1585229615127,1E4BJQO7B
200,1113,1585229614107,1585229615220,1E4BO3H21
200,1099,1585229614207,1585229615306,1E4BOSCDV
200,1050,1585229614309,1585229615359,1E4BLC3DM
200,1090,1585229614408,1585229615498,1E4BLO4VS
200,1051,1585229614507,1585229615558,1E4BK82CK
200,1122,1585229614607,1585229615729,1E4BGVQAR
200,1072,1585229614707,1585229615779,1E4BPFO0F
200,972,1585229614807,1585229615779,1E4BJTO35
200,1036,1585229614907,1585229615943,1E4BJ8Q33
200,939,1585229615007,1585229615946,1E4BOOV9S
200,1009,1585229615107,1585229616116,1E4BPPL6S
200,949,1585229615207,1585229616156,1E4BN5DV3
200,950,1585229615411,1585229616361,1E4BIVU2M
200,859,1585229615607,1585229616466,1E4BOP963
200,960,1585229615507,1585229616467,1E4BO6MKK
200,969,1585229615707,1585229616676,1E4BLOPRT
200,915,1585229615807,1585229616722,1E4BKIEDA
200,908,1585229615907,1585229616815,1E4BPGUIK
200,977,1585229616007,1585229616984,1E4BQ4264
200,972,1585229616107,1585229617079,1E4BIO0U0
200,1037,1585229616207,1585229617244,1E4BL4Q35
200,1061,1585229616307,1585229617368,1E4BO6Q8I
200,979,1585229616407,1585229617386,1E4BK8G2I
200,2203,1585229615308,1585229617511,1E4BM6UOT
200,1051,1585229616507,1585229617558,1E4BLNK51
200,1101,1585229616607,1585229617708,1E4BIH2KF
200,1115,1585229616707,1585229617822,1E4BGTSJP
200,1169,1585229616807,1585229617976,1E4BJJ18D
200,1273,1585229616907,1585229618180,1E4BGT2V6
200,1330,1585229617007,1585229618337,1E4BMN435
200,1339,1585229617107,1585229618446,1E4BPNHQR
200,1268,1585229617207,1585229618475,1E4BJJF7B
200,1220,1585229617307,1585229618527,1E4BNJGTR
200,1300,1585229617407,1585229618707,1E4BK89RC
200,1229,1585229617607,1585229618836,1E4BN7SKE
200,1330,1585229617507,1585229618837,1E4BHDHAT
200,1288,1585229617708,1585229618996,1E4BNGDSN
200,1237,1585229617808,1585229619045,1E4BHSE8M
200,1248,1585229617911,1585229619159,1E4BGUJ38
200,1314,1585229618007,1585229619321,1E4BQ6UA6
200,1231,1585229618107,1585229619338,1E4BNICRR
200,1270,1585229618207,1585229619477,1E4BK6LRR
200,1211,1585229618307,1585229619518,1E4BLTEB6
200,1203,1585229618407,1585229619610,1E4BIE055
200,1106,1585229618507,1585229619613,1E4BK7V4T
200,1102,1585229618607,1585229619709,1E4BMEQ4G
200,1132,1585229618707,1585229619839,1E4BH8BRK
200,1099,1585229618807,1585229619906,1E4BJFPMB
200,1189,1585229618907,1585229620096,1E4BKSHUN
200,1047,1585229619107,1585229620154,1E4BKCLNO
200,1148,1585229619007,1585229620155,1E4BLD04G
200,1048,1585229619207,1585229620255,1E4BJIJ84
200,1089,1585229619307,1585229620396,1E4BMUGF8
200,1087,1585229619407,1585229620494,1E4BKB7PQ
200,1094,1585229619507,1585229620601,1E4BPRAI7
200,1125,1585229619607,1585229620732,1E4BNEA54
200,1032,1585229619807,1585229620839,1E4BHPCQA
200,1133,1585229619707,1585229620840,1E4BM71GB
200,1170,1585229619907,1585229621077,1E4BHFUAN
200,1274,1585229620007,1585229621281,1E4BOFOTE
200,1363,1585229620107,1585229621470,1E4BIGUSM
200,1302,1585229620207,1585229621509,1E4BIBSU2
200,1509,1585229620307,1585229621816,1E4BL3OLQ
200,1516,1585229620412,1585229621928,1E4BO8KAD
200,1507,1585229620507,1585229622014,1E4BP8CPI
200,1407,1585229620607,1585229622014,1E4BK90GM
200,1474,1585229620707,1585229622181,1E4BOHUC6
200,1379,1585229620807,1585229622186,1E4BNP2UR
200,1420,1585229620907,1585229622327,1E4BGRGH8
200,1403,1585229621007,1585229622410,1E4BKAERD
200,1355,1585229621107,1585229622462,1E4BJJIL8
200,1284,1585229621207,1585229622491,1E4BO47L5
200,1290,1585229621308,1585229622598,1E4BK67AT
200,1192,1585229621407,1585229622599,1E4BK7NO7
200,1148,1585229621509,1585229622657,1E4BP1F6D
200,1076,1585229621607,1585229622683,1E4BO84D8
200,977,1585229621707,1585229622684,1E4BHHU08
200,984,1585229621807,1585229622791,1E4BPL19G
200,932,1585229621907,1585229622839,1E4BM0VR5
200,838,1585229622007,1585229622845,1E4BJV0G0
200,786,1585229622107,1585229622893,1E4BH70GU
200,587,1585229622307,1585229622894,1E4BJ7Q4V
200,687,1585229622207,1585229622894,1E4BMVRB6
200,563,1585229622407,1585229622970,1E4BLHU4K
200,584,1585229622507,1585229623091,1E4BL4S75
200,498,1585229622607,1585229623105,1E4BIVRLH
200,801,1585229622707,1585229623508,1E4BQ7LU4
200,737,1585229622807,1585229623544,1E4BL4HL1
200,1364,1585229622911,1585229624275,1E4BL0TTE
200,1469,1585229623007,1585229624476,1E4BPV1P5
200,1509,1585229623107,1585229624616,1E4BIN2MF
200,1579,1585229623207,1585229624786,1E4BK1BAP
200,1481,1585229623307,1585229624788,1E4BPDAPM
200,1459,1585229623407,1585229624866,1E4BNM0HH
200,1379,1585229623508,1585229624887,1E4BN6VB7
200,1431,1585229623607,1585229625038,1E4BJSIA7
200,1410,1585229623707,1585229625117,1E4BHM4T8
200,1281,1585229623907,1585229625188,1E4BP7COC
200,1381,1585229623807,1585229625188,1E4BJ7J73
200,1296,1585229624007,1585229625303,1E4BKE11V
200,1220,1585229624207,1585229625427,1E4BJSAH2
200,1334,1585229624107,1585229625441,1E4BHEKD5
200,1184,1585229624307,1585229625491,1E4BO56M7
200,1155,1585229624407,1585229625562,1E4BH3DIS
200,1152,1585229624507,1585229625659,1E4BOBDV0
200,1163,1585229624607,1585229625770,1E4BOIOVT
200,1143,1585229624707,1585229625850,1E4BPJSMA
200,1206,1585229624907,1585229626113,1E4BLRRRU
200,1306,1585229624807,1585229626113,1E4BHBAEQ
200,1169,1585229625007,1585229626176,1E4BPEOU0
200,1166,1585229625107,1585229626273,1E4BMQE9S
200,1192,1585229625207,1585229626399,1E4BOEHPD
200,1190,1585229625307,1585229626497,1E4BIE141
200,1298,1585229625412,1585229626710,1E4BNSE0Q
200,1204,1585229625507,1585229626711,1E4BOMNS3
200,1453,1585229625607,1585229627060,1E4BHCGVR
200,1389,1585229625707,1585229627096,1E4BH3V22
200,1408,1585229625807,1585229627215,1E4BQ14GQ
200,1439,1585229625907,1585229627346,1E4BI826M
200,1396,1585229626007,1585229627403,1E4BMG204
200,1349,1585229626107,1585229627456,1E4BMJFLT
200,1415,1585229626207,1585229627622,1E4BN2PNJ
200,1384,1585229626307,1585229627691,1E4BPU5EN
200,1345,1585229626407,1585229627752,1E4BMAEF3
200,1339,1585229626507,1585229627846,1E4BMCK5G
200,1164,1585229626707,1585229627871,1E4BK3QTE
200,1064,1585229626807,1585229627871,1E4BM8OFD
200,1294,1585229626607,1585229627901,1E4BI9B97
200,1974,1585229626907,1585229628881,1E4BQ3E43
200,1991,1585229627007,1585229628998,1E4BMAAFP
200,1667,1585229627407,1585229629074,1E4BJD76K
200,1479,1585229627607,1585229629086,1E4BIU3HV
200,1579,1585229627507,1585229629086,1E4BIMAGA
200,2006,1585229627107,1585229629113,1E4BLR2M6
200,1906,1585229627207,1585229629113,1E4BNA7DR
200,1368,1585229627808,1585229629176,1E4BMCKDT
200,1469,1585229627707,1585229629176,1E4BNCV1L
200,1909,1585229627307,1585229629216,1E4BH9HFE
200,1418,1585229627912,1585229629330,1E4BKFB7P
200,1491,1585229628008,1585229629499,1E4BHLDC1
200,1643,1585229628107,1585229629750,1E4BHL2GT
200,1734,1585229628207,1585229629941,1E4BJ75S2
200,1674,1585229628307,1585229629981,1E4BL1NMB
200,1609,1585229628407,1585229630016,1E4BJTD1O
200,1652,1585229628507,1585229630159,1E4BL24UJ
200,1611,1585229628607,1585229630218,1E4BOQ7UO
200,1511,1585229628707,1585229630218,1E4BO2OME
200,1470,1585229628808,1585229630278,1E4BLJ25N
200,1409,1585229628907,1585229630316,1E4BL44DC
200,1226,1585229629107,1585229630333,1E4BHQ8A8
200,1129,1585229629207,1585229630336,1E4BP8FGH
200,1329,1585229629008,1585229630337,1E4BJGB58
200,1030,1585229629307,1585229630337,1E4BJURNA
200,961,1585229629407,1585229630368,1E4BKTKK7
200,868,1585229629507,1585229630375,1E4BHUDR8
200,807,1585229629607,1585229630414,1E4BJT96G
200,1174,1585229629907,1585229631081,1E4BQ9AGK
200,1292,1585229629807,1585229631099,1E4BHKAK7
200,1392,1585229629707,1585229631099,1E4BKBVNT
200,1025,1585229630107,1585229631132,1E4BLGUKM
200,1125,1585229630008,1585229631133,1E4BPT38F
200,928,1585229630207,1585229631135,1E4BHJSF8
200,829,1585229630307,1585229631136,1E4BPEA1B
200,814,1585229630412,1585229631226,1E4BPFQD8
200,999,1585229630507,1585229631506,1E4BHE0SN
200,1258,1585229630707,1585229631965,1E4BH3A39
200,1394,1585229630607,1585229632001,1E4BP5QOV
200,1213,1585229630807,1585229632020,1E4BNC4A2
200,1450,1585229630907,1585229632357,1E4BQ8E14
200,1393,1585229631007,1585229632400,1E4BIM9J7
200,1512,1585229631107,1585229632619,1E4BHTSG3
200,1429,1585229631207,1585229632636,1E4BN23RV
200,1470,1585229631307,1585229632777,1E4BP7NKJ
200,1377,1585229631407,1585229632784,1E4BHALJM
200,1189,1585229631607,1585229632796,1E4BP3U85
200,1361,1585229631507,1585229632868,1E4BKH6GQ
200,1163,1585229631707,1585229632870,1E4BOTR3F
200,1184,1585229631807,1585229632991,1E4BI5LON
200,1085,1585229631907,1585229632992,1E4BNC60N
200,1079,1585229632007,1585229633086,1E4BNN3P4
200,1211,1585229632107,1585229633318,1E4BNL826
200,1111,1585229632207,1585229633318,1E4BOF56M
200,1011,1585229632307,1585229633318,1E4BOK31V
200,1161,1585229632508,1585229633669,1E4BNTH82
200,1261,1585229632408,1585229633669,1E4BI3S7A
200,1062,1585229632608,1585229633670,1E4BGU0QE
200,965,1585229632707,1585229633672,1E4BJC8AO
200,1091,1585229632807,1585229633898,1E4BPPGC9
200,1199,1585229632912,1585229634111,1E4BMNI2U
200,1153,1585229633008,1585229634161,1E4BNMNR2
200,1120,1585229633208,1585229634328,1E4BQ21QU
200,1090,1585229633308,1585229634398,1E4BM29GP
200,1098,1585229633408,1585229634506,1E4BLBG6Q
200,1043,1585229633508,1585229634551,1E4BNCCN5
200,1065,1585229633608,1585229634673,1E4BNRD49
200,1005,1585229633708,1585229634713,1E4BJE565
200,989,1585229633908,1585229634897,1E4BL94P4
200,1006,1585229634008,1585229635014,1E4BP5I0D
200,1152,1585229634109,1585229635261,1E4BKAI61
200,1311,1585229634208,1585229635519,1E4BMO5MN
200,1224,1585229634308,1585229635532,1E4BH7QHS
200,2469,1585229633108,1585229635577,1E4BN7H7S
200,1435,1585229634408,1585229635843,1E4BIN8UV
200,1291,1585229634608,1585229635899,1E4BLIB5F
200,1394,1585229634507,1585229635901,1E4BICGRG
200,1619,1585229634708,1585229636327,1E4BO3LLR
200,1519,1585229634808,1585229636327,1E4BM7J7I
200,2573,1585229633808,1585229636381,1E4BH6KC9
200,1641,1585229634908,1585229636549,1E4BNC4L1
200,1541,1585229635008,1585229636549,1E4BJEQ7V
200,1426,1585229635208,1585229636634,1E4BLG61O
200,1568,1585229635108,1585229636676,1E4BK8M87
200,1418,1585229635308,1585229636726,1E4BIQ20C
200,1352,1585229635508,1585229636860,1E4BQ00SL
200,1448,1585229635412,1585229636860,1E4BIQSEM
200,1264,1585229635608,1585229636872,1E4BO014Q
200,1164,1585229635708,1585229636872,1E4BI6Q1N
200,1099,1585229635808,1585229636907,1E4BL5B50
200,1202,1585229636008,1585229637210,1E4BPO7LU
200,1120,1585229636108,1585229637228,1E4BN1RS3
200,1340,1585229635908,1585229637248,1E4BOQE31
200,1112,1585229636208,1585229637320,1E4BLAPKF
200,1075,1585229636408,1585229637483,1E4BL2LH1
200,1176,1585229636308,1585229637484,1E4BL7BSP
200,1066,1585229636508,1585229637574,1E4BPNJ1J
200,1177,1585229636608,1585229637785,1E4BMN1NE
200,1181,1585229636708,1585229637889,1E4BNBCNT
200,1225,1585229636808,1585229638033,1E4BMQE52
200,1328,1585229636908,1585229638236,1E4BHJB09
200,1281,1585229637008,1585229638289,1E4BI9RQO
200,1316,1585229637108,1585229638424,1E4BM3EAD
200,1406,1585229637208,1585229638614,1E4BMKG6M
200,1421,1585229637308,1585229638729,1E4BJIE9A
200,1355,1585229637408,1585229638763,1E4BMR4NC
200,1685,1585229637608,1585229639293,1E4BL6QK7
200,1585,1585229637708,1585229639293,1E4BKA1BL
200,1614,1585229637912,1585229639526,1E4BIAESV
200,1654,1585229638008,1585229639662,1E4BMO7ES
200,1735,1585229638108,1585229639843,1E4BO4VJ4
200,1694,1585229638208,1585229639902,1E4BNI1UU
200,1595,1585229638308,1585229639903,1E4BN4U8T
200,2455,1585229637508,1585229639963,1E4BL14N1
200,1611,1585229638408,1585229640019,1E4BMDHBK
200,1761,1585229638508,1585229640269,1E4BO9TL8
200,1804,1585229638608,1585229640412,1E4BLVN9E
200,1703,1585229638710,1585229640413,1E4BN8DUT
200,1792,1585229638808,1585229640600,1E4BOHFOP
200,2828,1585229637809,1585229640637,1E4BKSS4A
200,1841,1585229638908,1585229640749,1E4BMBREQ
200,1743,1585229639008,1585229640751,1E4BGQ6PN
200,1644,1585229639108,1585229640752,1E4BIKVG4
200,1560,1585229639208,1585229640768,1E4BKO614
200,1446,1585229639408,1585229640854,1E4BPBR9D
200,1546,1585229639308,1585229640854,1E4BP3DQA
200,1446,1585229639608,1585229641054,1E4BO3C29
200,1547,1585229639508,1585229641055,1E4BLMQEN
200,1478,1585229639708,1585229641186,1E4BLBSM3
200,1415,1585229639808,1585229641223,1E4BK4P2U
200,1298,1585229640008,1585229641306,1E4BLG2NQ
200,1398,1585229639908,1585229641306,1E4BJJ3DT
200,1199,1585229640108,1585229641307,1E4BIID3B
200,1182,1585229640208,1585229641390,1E4BH1TG9
200,1083,1585229640308,1585229641391,1E4BHD5NG
200,1173,1585229640414,1585229641587,1E4BKB0FU
200,1157,1585229640508,1585229641665,1E4BK9BV7
200,978,1585229640708,1585229641686,1E4BPO1HP
200,1079,1585229640608,1585229641687,1E4BJ5KUO
200,1119,1585229640808,1585229641927,1E4BHLTLS
200,1508,1585229640908,1585229642416,1E4BNUT4B
200,1408,1585229641008,1585229642416,1E4BNEEAO
200,1327,1585229641108,1585229642435,1E4BOBG25
200,1283,1585229641208,1585229642491,1E4BMMLNC
200,1519,1585229641308,1585229642827,1E4BOU9SV
200,1419,1585229641408,1585229642827,1E4BKRHM8
200,1506,1585229641508,1585229643014,1E4BNBDVR
200,1516,1585229641608,1585229643124,1E4BHLJ0T
200,1449,1585229641708,1585229643157,1E4BO0TI6
200,1350,1585229641808,1585229643158,1E4BHRVJF
200,1406,1585229641908,1585229643314,1E4BNNPIN
200,1283,1585229642108,1585229643391,1E4BM6RTN
200,1437,1585229642008,1585229643445,1E4BJ90K3
200,1321,1585229642208,1585229643529,1E4BL2IRM
200,1243,1585229642308,1585229643551,1E4BJMGQK
200,1284,1585229642408,1585229643692,1E4BO4P71
200,1187,1585229642508,1585229643695,1E4BKCOB4
200,1220,1585229642608,1585229643828,1E4BMELKV
200,1121,1585229642708,1585229643829,1E4BI66SN
200,1068,1585229642808,1585229643876,1E4BKBL8J
200,1122,1585229642913,1585229644035,1E4BGR814
200,1061,1585229643008,1585229644069,1E4BJKN0E
200,1082,1585229643108,1585229644190,1E4BN2D2V
200,1041,1585229643208,1585229644249,1E4BORADR
200,1003,1585229643308,1585229644311,1E4BHF4NR
200,1052,1585229643508,1585229644560,1E4BN0BMP
200,1152,1585229643408,1585229644560,1E4BHE39U
200,1118,1585229643608,1585229644726,1E4BKNVV2
200,1109,1585229643708,1585229644817,1E4BK2U03
200,1110,1585229643808,1585229644918,1E4BKKCMQ
200,1135,1585229644008,1585229645143,1E4BGS26I
200,1071,1585229644108,1585229645179,1E4BH546C
200,1082,1585229644208,1585229645290,1E4BH1TAB
200,1079,1585229644308,1585229645387,1E4BPOL22
200,979,1585229644408,1585229645387,1E4BIKRIR
200,976,1585229644508,1585229645484,1E4BHL89O
200,933,1585229644708,1585229645641,1E4BOD72S
200,1033,1585229644608,1585229645641,1E4BOGU02
200,935,1585229644808,1585229645743,1E4BQ0FMK
200,1963,1585229643908,1585229645871,1E4BH1AUR
200,910,1585229645008,1585229645918,1E4BNBB4M
200,1055,1585229644908,1585229645963,1E4BI0MMM
200,889,1585229645108,1585229645997,1E4BODOAS
200,902,1585229645208,1585229646110,1E4BJ29KM
200,912,1585229645308,1585229646220,1E4BP14VF
200,758,1585229645508,1585229646266,1E4BL9997
200,854,1585229645412,1585229646266,1E4BJ14BJ
200,776,1585229645608,1585229646384,1E4BIOVC1
200,788,1585229645708,1585229646496,1E4BNS4U1
200,891,1585229645808,1585229646699,1E4BHK98I
200,840,1585229645908,1585229646748,1E4BHCFPB
200,868,1585229646008,1585229646876,1E4BIA7EE
200,833,1585229646108,1585229646941,1E4BH178V
200,982,1585229646208,1585229647190,1E4BHFLCU
200,930,1585229646308,1585229647238,1E4BNIIJQ
200,954,1585229646408,1585229647362,1E4BI9T87
200,855,1585229646508,1585229647363,1E4BQ5MJF
200,964,1585229646608,1585229647572,1E4BK2JA0
200,926,1585229646708,1585229647634,1E4BJJKA2
200,1015,1585229646808,1585229647823,1E4BJ3BKC
200,916,1585229646908,1585229647824,1E4BHA39F
200,974,1585229647008,1585229647982,1E4BN38P6
200,971,1585229647108,1585229648079,1E4BQ2J55
200,872,1585229647208,1585229648080,1E4BM04A6
200,941,1585229647308,1585229648249,1E4BPP76J
200,980,1585229647408,1585229648388,1E4BIVSEI
200,909,1585229647508,1585229648417,1E4BM6DOF
200,912,1585229647608,1585229648520,1E4BM9KL7
200,844,1585229647708,1585229648552,1E4BHCK6D
200,942,1585229647912,1585229648854,1E4BIMVH0
200,976,1585229648008,1585229648984,1E4BL619D
200,946,1585229648108,1585229649054,1E4BIDD8U
200,954,1585229648208,1585229649162,1E4BLV6IT
200,1096,1585229648308,1585229649404,1E4BL7TAN
200,1057,1585229648408,1585229649465,1E4BP3RM4
200,1185,1585229648508,1585229649693,1E4BP8MRT
200,1270,1585229648708,1585229649978,1E4BIVPSK
200,1370,1585229648608,1585229649978,1E4BP9AL4
200,1246,1585229648808,1585229650054,1E4BH9DK5
200,1245,1585229648909,1585229650154,1E4BJ23M8
200,2382,1585229647808,1585229650190,1E4BIKVUU
200,1239,1585229649008,1585229650247,1E4BI8ND1
200,1351,1585229649109,1585229650460,1E4BQ0ILG
200,1217,1585229649308,1585229650525,1E4BNSOLG
200,1318,1585229649208,1585229650526,1E4BKJIJL
200,1230,1585229649408,1585229650638,1E4BHPLNC
200,1285,1585229649508,1585229650793,1E4BKOTD8
200,1086,1585229649708,1585229650794,1E4BOUB3K
200,987,1585229649808,1585229650795,1E4BL09MN
200,938,1585229649908,1585229650846,1E4BKPL61
200,830,1585229650108,1585229650938,1E4BPHJQI
200,737,1585229650208,1585229650945,1E4BJPATT
200,646,1585229650308,1585229650954,1E4BK26I5
200,552,1585229650413,1585229650965,1E4BLG3J1
200,466,1585229650508,1585229650974,1E4BJJQ0F
200,380,1585229650608,1585229650988,1E4BPGVUV
200,287,1585229650708,1585229650995,1E4BNRCQE
200,276,1585229650808,1585229651084,1E4BJH72M
200,517,1585229650908,1585229651425,1E4BO67G1
200,2571,1585229649608,1585229652179,1E4BKHSDJ
200,2172,1585229650008,1585229652180,1E4BL3U72
200,1224,1585229651008,1585229652232,1E4BJ1L9L
200,1252,1585229651108,1585229652360,1E4BJFQQ8
200,1226,1585229651208,1585229652434,1E4BIU6LI
200,1177,1585229651308,1585229652485,1E4BINF25
200,1007,1585229651508,1585229652515,1E4BNC0GU
200,1121,1585229651408,1585229652529,1E4BO11GI
200,924,1585229651608,1585229652532,1E4BPDTA6
200,775,1585229651808,1585229652583,1E4BOG4O0
200,876,1585229651708,1585229652584,1E4BMBU1D
200,718,1585229651908,1585229652626,1E4BM2SAF
200,620,1585229652008,1585229652628,1E4BNLP2O
200,546,1585229652108,1585229652654,1E4BH7K7C
200,485,1585229652208,1585229652693,1E4BJKCIU
200,387,1585229652308,1585229652695,1E4BNN1S2
200,396,1585229652408,1585229652804,1E4BIK4TO
200,528,1585229652508,1585229653036,1E4BJ6Q4R
200,900,1585229652608,1585229653508,1E4BL8D5F
200,1286,1585229652708,1585229653994,1E4BPKP0S
200,1314,1585229652808,1585229654122,1E4BGUG6C
200,1354,1585229652913,1585229654267,1E4BPL6L2
200,1262,1585229653008,1585229654270,1E4BJJGJL
200,1280,1585229653108,1585229654388,1E4BJT2HR
200,1180,1585229653208,1585229654388,1E4BQ0I3S
200,1046,1585229653408,1585229654454,1E4BLHKQ2
200,1222,1585229653308,1585229654530,1E4BOSCCJ
200,1259,1585229653508,1585229654767,1E4BMJQHC
200,1061,1585229653708,1585229654769,1E4BOVQO8
200,983,1585229653808,1585229654791,1E4BIIPNE
200,1183,1585229653608,1585229654791,1E4BJPO63
200,1028,1585229653908,1585229654936,1E4BPF5NU
200,997,1585229654008,1585229655005,1E4BNI4GJ
200,899,1585229654108,1585229655007,1E4BLM9DA
200,986,1585229654208,1585229655194,1E4BKLEEL
200,967,1585229654308,1585229655275,1E4BM6BUA
200,1103,1585229654408,1585229655511,1E4BO8IBN
200,1181,1585229654508,1585229655689,1E4BIN037
200,1178,1585229654608,1585229655786,1E4BMNSPD
200,1103,1585229654708,1585229655811,1E4BJVNTH
200,1004,1585229654808,1585229655812,1E4BPH88D
200,1088,1585229654908,1585229655996,1E4BH5NGH
200,1016,1585229655008,1585229656024,1E4BJ1O5L
200,1110,1585229655108,1585229656218,1E4BPU61I
200,1045,1585229655208,1585229656253,1E4BPVRCI
200,958,1585229655508,1585229656466,1E4BN2SOM
200,1070,1585229655412,1585229656482,1E4BHO5J1
200,1174,1585229655308,1585229656482,1E4BMHCGT
200,1126,1585229655608,1585229656734,1E4BPP5QT
200,1026,1585229655708,1585229656734,1E4BMHTAS
200,926,1585229655808,1585229656734,1E4BOHMTH
200,1117,1585229655908,1585229657025,1E4BKHC6M
200,1096,1585229656008,1585229657104,1E4BMV5Q4
200,1193,1585229656108,1585229657301,1E4BIB2M0
200,1179,1585229656208,1585229657387,1E4BHP4RM
200,1169,1585229656308,1585229657477,1E4BHRHD8
200,1160,1585229656408,1585229657568,1E4BLFIHM
200,1229,1585229656508,1585229657737,1E4BOUQTD
200,1243,1585229656608,1585229657851,1E4BM11MF
200,1364,1585229656708,1585229658072,1E4BNCC6N
200,1367,1585229656808,1585229658175,1E4BMM48Q
200,1310,1585229656908,1585229658218,1E4BLLKU0
200,1286,1585229657008,1585229658294,1E4BKMN97
200,1288,1585229657108,1585229658396,1E4BLKPG9
200,1207,1585229657208,1585229658415,1E4BPLJR2
200,1123,1585229657308,1585229658431,1E4BMKT9H
200,1181,1585229657408,1585229658589,1E4BKAP8S
200,1107,1585229657508,1585229658615,1E4BL01FB
200,1138,1585229657708,1585229658846,1E4BOQCS0
200,1239,1585229657608,1585229658847,1E4BNDUUO
200,1107,1585229657808,1585229658915,1E4BI47TI
200,1024,1585229657912,1585229658936,1E4BH6V6U
200,930,1585229658008,1585229658938,1E4BNCOD0
200,873,1585229658108,1585229658981,1E4BIFVEF
200,835,1585229658309,1585229659144,1E4BHMETN
200,936,1585229658208,1585229659144,1E4BPAIIL